{
  "generated_at": "2025-11-25 20:56:45",
  "current_spy_price": 668.73,
  "data_source": "rainy_buys_calendar_dates.csv",
  "summary": {
    "total_contributions": 12450.0,
    "num_buys": 83,
    "avg_buy_price": 264.21,
    "total_shares": 81.08,
    "current_value": 54219.3,
    "profit": 41769.3,
    "roi_percent": 335.5,
    "price_appreciation_multiple": 2.53,
    "first_buy_date": "2004-03-17",
    "last_buy_date": "2025-04-17",
    "years_active": 21
  },
  "all_periods": [
    {
      "year": 2009,
      "num_buys": 2,
      "total_contributions": 300.0,
      "avg_price": 69.81,
      "total_shares": 4.31,
      "current_value": 2879.8,
      "profit": 2579.8,
      "roi_percent": 859.93,
      "start_date": "2009-03-03",
      "end_date": "2009-03-17",
      "duration_days": 14
    },
    {
      "year": 2010,
      "num_buys": 4,
      "total_contributions": 600.0,
      "avg_price": 87.63,
      "total_shares": 6.85,
      "current_value": 4579.33,
      "profit": 3979.33,
      "roi_percent": 663.22,
      "start_date": "2010-02-03",
      "end_date": "2010-06-03",
      "duration_days": 120
    },
    {
      "year": 2008,
      "num_buys": 9,
      "total_contributions": 1350.0,
      "avg_price": 92.26,
      "total_shares": 14.69,
      "current_value": 9826.22,
      "profit": 8476.22,
      "roi_percent": 627.87,
      "start_date": "2008-01-17",
      "end_date": "2008-10-17",
      "duration_days": 274
    },
    {
      "year": 2011,
      "num_buys": 5,
      "total_contributions": 750.0,
      "avg_price": 93.76,
      "total_shares": 8.01,
      "current_value": 5354.75,
      "profit": 4604.75,
      "roi_percent": 613.97,
      "start_date": "2011-03-17",
      "end_date": "2011-10-03",
      "duration_days": 200
    },
    {
      "year": 2006,
      "num_buys": 1,
      "total_contributions": 150.0,
      "avg_price": 96.74,
      "total_shares": 1.55,
      "current_value": 1036.9,
      "profit": 886.9,
      "roi_percent": 591.26,
      "start_date": "2006-06-19",
      "end_date": "2006-06-19",
      "duration_days": 0
    },
    {
      "year": 2005,
      "num_buys": 3,
      "total_contributions": 450.0,
      "avg_price": 97.49,
      "total_shares": 4.62,
      "current_value": 3087.03,
      "profit": 2637.03,
      "roi_percent": 586.01,
      "start_date": "2005-04-04",
      "end_date": "2005-10-17",
      "duration_days": 196
    },
    {
      "year": 2004,
      "num_buys": 5,
      "total_contributions": 750.0,
      "avg_price": 98.65,
      "total_shares": 7.61,
      "current_value": 5087.17,
      "profit": 4337.17,
      "roi_percent": 578.29,
      "start_date": "2004-03-17",
      "end_date": "2004-08-17",
      "duration_days": 153
    },
    {
      "year": 2012,
      "num_buys": 4,
      "total_contributions": 600.0,
      "avg_price": 108.07,
      "total_shares": 5.56,
      "current_value": 3716.5,
      "profit": 3116.5,
      "roi_percent": 519.42,
      "start_date": "2012-05-17",
      "end_date": "2012-11-19",
      "duration_days": 186
    },
    {
      "year": 2007,
      "num_buys": 6,
      "total_contributions": 900.0,
      "avg_price": 109.06,
      "total_shares": 8.27,
      "current_value": 5531.6,
      "profit": 4631.6,
      "roi_percent": 514.62,
      "start_date": "2007-03-05",
      "end_date": "2007-12-03",
      "duration_days": 273
    },
    {
      "year": 2013,
      "num_buys": 1,
      "total_contributions": 150.0,
      "avg_price": 140.24,
      "total_shares": 1.07,
      "current_value": 715.25,
      "profit": 565.25,
      "roi_percent": 376.83,
      "start_date": "2013-09-03",
      "end_date": "2013-09-03",
      "duration_days": 0
    },
    {
      "year": 2014,
      "num_buys": 4,
      "total_contributions": 600.0,
      "avg_price": 177.51,
      "total_shares": 3.4,
      "current_value": 2272.84,
      "profit": 1672.84,
      "roi_percent": 278.81,
      "start_date": "2014-02-03",
      "end_date": "2014-12-17",
      "duration_days": 317
    },
    {
      "year": 2015,
      "num_buys": 2,
      "total_contributions": 300.0,
      "avg_price": 219.44,
      "total_shares": 1.37,
      "current_value": 914.26,
      "profit": 614.26,
      "roi_percent": 204.75,
      "start_date": "2015-09-03",
      "end_date": "2015-10-05",
      "duration_days": 32
    },
    {
      "year": 2016,
      "num_buys": 4,
      "total_contributions": 600.0,
      "avg_price": 235.12,
      "total_shares": 2.55,
      "current_value": 1708.09,
      "profit": 1108.09,
      "roi_percent": 184.68,
      "start_date": "2016-02-03",
      "end_date": "2016-11-03",
      "duration_days": 274
    },
    {
      "year": 2018,
      "num_buys": 5,
      "total_contributions": 750.0,
      "avg_price": 314.29,
      "total_shares": 2.39,
      "current_value": 1597.36,
      "profit": 847.36,
      "roi_percent": 112.98,
      "start_date": "2018-04-03",
      "end_date": "2018-12-17",
      "duration_days": 258
    },
    {
      "year": 2019,
      "num_buys": 4,
      "total_contributions": 600.0,
      "avg_price": 334.57,
      "total_shares": 1.8,
      "current_value": 1204.18,
      "profit": 604.18,
      "roi_percent": 100.7,
      "start_date": "2019-01-03",
      "end_date": "2019-08-19",
      "duration_days": 228
    },
    {
      "year": 2020,
      "num_buys": 4,
      "total_contributions": 600.0,
      "avg_price": 357.89,
      "total_shares": 1.69,
      "current_value": 1132.57,
      "profit": 532.57,
      "roi_percent": 88.76,
      "start_date": "2020-03-03",
      "end_date": "2020-11-03",
      "duration_days": 245
    },
    {
      "year": 2022,
      "num_buys": 8,
      "total_contributions": 1200.0,
      "avg_price": 498.74,
      "total_shares": 2.41,
      "current_value": 1612.82,
      "profit": 412.82,
      "roi_percent": 34.4,
      "start_date": "2022-02-03",
      "end_date": "2022-10-17",
      "duration_days": 256
    },
    {
      "year": 2021,
      "num_buys": 1,
      "total_contributions": 150.0,
      "avg_price": 511.61,
      "total_shares": 0.29,
      "current_value": 196.07,
      "profit": 46.07,
      "roi_percent": 30.71,
      "start_date": "2021-10-04",
      "end_date": "2021-10-04",
      "duration_days": 0
    },
    {
      "year": 2023,
      "num_buys": 6,
      "total_contributions": 900.0,
      "avg_price": 543.94,
      "total_shares": 1.66,
      "current_value": 1110.09,
      "profit": 210.09,
      "roi_percent": 23.34,
      "start_date": "2023-01-03",
      "end_date": "2023-11-03",
      "duration_days": 304
    },
    {
      "year": 2024,
      "num_buys": 1,
      "total_contributions": 150.0,
      "avg_price": 707.49,
      "total_shares": 0.21,
      "current_value": 141.78,
      "profit": -8.22,
      "roi_percent": -5.48,
      "start_date": "2024-08-05",
      "end_date": "2024-08-05",
      "duration_days": 0
    },
    {
      "year": 2025,
      "num_buys": 4,
      "total_contributions": 600.0,
      "avg_price": 781.91,
      "total_shares": 0.77,
      "current_value": 514.69,
      "profit": -85.31,
      "roi_percent": -14.22,
      "start_date": "2025-03-03",
      "end_date": "2025-04-17",
      "duration_days": 45
    }
  ],
  "top_periods": [
    {
      "year": 2009,
      "num_buys": 2,
      "total_contributions": 300.0,
      "avg_price": 69.81,
      "total_shares": 4.31,
      "current_value": 2879.8,
      "profit": 2579.8,
      "roi_percent": 859.93,
      "start_date": "2009-03-03",
      "end_date": "2009-03-17",
      "duration_days": 14
    },
    {
      "year": 2010,
      "num_buys": 4,
      "total_contributions": 600.0,
      "avg_price": 87.63,
      "total_shares": 6.85,
      "current_value": 4579.33,
      "profit": 3979.33,
      "roi_percent": 663.22,
      "start_date": "2010-02-03",
      "end_date": "2010-06-03",
      "duration_days": 120
    },
    {
      "year": 2008,
      "num_buys": 9,
      "total_contributions": 1350.0,
      "avg_price": 92.26,
      "total_shares": 14.69,
      "current_value": 9826.22,
      "profit": 8476.22,
      "roi_percent": 627.87,
      "start_date": "2008-01-17",
      "end_date": "2008-10-17",
      "duration_days": 274
    },
    {
      "year": 2011,
      "num_buys": 5,
      "total_contributions": 750.0,
      "avg_price": 93.76,
      "total_shares": 8.01,
      "current_value": 5354.75,
      "profit": 4604.75,
      "roi_percent": 613.97,
      "start_date": "2011-03-17",
      "end_date": "2011-10-03",
      "duration_days": 200
    },
    {
      "year": 2006,
      "num_buys": 1,
      "total_contributions": 150.0,
      "avg_price": 96.74,
      "total_shares": 1.55,
      "current_value": 1036.9,
      "profit": 886.9,
      "roi_percent": 591.26,
      "start_date": "2006-06-19",
      "end_date": "2006-06-19",
      "duration_days": 0
    }
  ],
  "recent_periods": [
    {
      "year": 2020,
      "num_buys": 4,
      "total_contributions": 600.0,
      "avg_price": 357.89,
      "total_shares": 1.69,
      "current_value": 1132.57,
      "profit": 532.57,
      "roi_percent": 88.76,
      "start_date": "2020-03-03",
      "end_date": "2020-11-03",
      "duration_days": 245
    },
    {
      "year": 2022,
      "num_buys": 8,
      "total_contributions": 1200.0,
      "avg_price": 498.74,
      "total_shares": 2.41,
      "current_value": 1612.82,
      "profit": 412.82,
      "roi_percent": 34.4,
      "start_date": "2022-02-03",
      "end_date": "2022-10-17",
      "duration_days": 256
    },
    {
      "year": 2021,
      "num_buys": 1,
      "total_contributions": 150.0,
      "avg_price": 511.61,
      "total_shares": 0.29,
      "current_value": 196.07,
      "profit": 46.07,
      "roi_percent": 30.71,
      "start_date": "2021-10-04",
      "end_date": "2021-10-04",
      "duration_days": 0
    },
    {
      "year": 2023,
      "num_buys": 6,
      "total_contributions": 900.0,
      "avg_price": 543.94,
      "total_shares": 1.66,
      "current_value": 1110.09,
      "profit": 210.09,
      "roi_percent": 23.34,
      "start_date": "2023-01-03",
      "end_date": "2023-11-03",
      "duration_days": 304
    },
    {
      "year": 2024,
      "num_buys": 1,
      "total_contributions": 150.0,
      "avg_price": 707.49,
      "total_shares": 0.21,
      "current_value": 141.78,
      "profit": -8.22,
      "roi_percent": -5.48,
      "start_date": "2024-08-05",
      "end_date": "2024-08-05",
      "duration_days": 0
    },
    {
      "year": 2025,
      "num_buys": 4,
      "total_contributions": 600.0,
      "avg_price": 781.91,
      "total_shares": 0.77,
      "current_value": 514.69,
      "profit": -85.31,
      "roi_percent": -14.22,
      "start_date": "2025-03-03",
      "end_date": "2025-04-17",
      "duration_days": 45
    }
  ],
  "individual_buys": [
    {
      "date": "2004-03-17",
      "rsi_sma": 40.17,
      "price": 101.06,
      "amount": 150.0,
      "shares": 1.4843,
      "current_value": 992.58,
      "profit": 842.58,
      "roi_percent": 561.72
    },
    {
      "date": "2004-05-17",
      "rsi_sma": 38.66,
      "price": 102.02,
      "amount": 150.0,
      "shares": 1.4704,
      "current_value": 983.27,
      "profit": 833.27,
      "roi_percent": 555.52
    },
    {
      "date": "2004-07-19",
      "rsi_sma": 40.59,
      "price": 96.89,
      "amount": 150.0,
      "shares": 1.5481,
      "current_value": 1035.28,
      "profit": 885.28,
      "roi_percent": 590.19
    },
    {
      "date": "2004-08-03",
      "rsi_sma": 43.86,
      "price": 97.61,
      "amount": 150.0,
      "shares": 1.5367,
      "current_value": 1027.62,
      "profit": 877.62,
      "roi_percent": 585.08
    },
    {
      "date": "2004-08-17",
      "rsi_sma": 38.99,
      "price": 95.68,
      "amount": 150.0,
      "shares": 1.5678,
      "current_value": 1048.41,
      "profit": 898.41,
      "roi_percent": 598.94
    },
    {
      "date": "2005-04-04",
      "rsi_sma": 40.99,
      "price": 98.21,
      "amount": 150.0,
      "shares": 1.5273,
      "current_value": 1021.34,
      "profit": 871.34,
      "roi_percent": 580.89
    },
    {
      "date": "2005-04-18",
      "rsi_sma": 41.24,
      "price": 97.48,
      "amount": 150.0,
      "shares": 1.5388,
      "current_value": 1029.06,
      "profit": 879.06,
      "roi_percent": 586.04
    },
    {
      "date": "2005-10-17",
      "rsi_sma": 34.03,
      "price": 96.76,
      "amount": 150.0,
      "shares": 1.5502,
      "current_value": 1036.63,
      "profit": 886.63,
      "roi_percent": 591.09
    },
    {
      "date": "2006-06-19",
      "rsi_sma": 38.86,
      "price": 96.74,
      "amount": 150.0,
      "shares": 1.5505,
      "current_value": 1036.9,
      "profit": 886.9,
      "roi_percent": 591.26
    },
    {
      "date": "2007-03-05",
      "rsi_sma": 39.25,
      "price": 114.32,
      "amount": 150.0,
      "shares": 1.3121,
      "current_value": 877.47,
      "profit": 727.47,
      "roi_percent": 484.98
    },
    {
      "date": "2007-03-19",
      "rsi_sma": 42.5,
      "price": 116.79,
      "amount": 150.0,
      "shares": 1.2843,
      "current_value": 858.86,
      "profit": 708.86,
      "roi_percent": 472.57
    },
    {
      "date": "2007-08-03",
      "rsi_sma": 35.82,
      "price": 107.57,
      "amount": 150.0,
      "shares": 1.3944,
      "current_value": 932.5,
      "profit": 782.5,
      "roi_percent": 521.67
    },
    {
      "date": "2007-08-17",
      "rsi_sma": 39.73,
      "price": 109.17,
      "amount": 150.0,
      "shares": 1.374,
      "current_value": 918.87,
      "profit": 768.87,
      "roi_percent": 512.58
    },
    {
      "date": "2007-11-19",
      "rsi_sma": 38.49,
      "price": 101.04,
      "amount": 150.0,
      "shares": 1.4846,
      "current_value": 992.81,
      "profit": 842.81,
      "roi_percent": 561.87
    },
    {
      "date": "2007-12-03",
      "rsi_sma": 44.73,
      "price": 105.47,
      "amount": 150.0,
      "shares": 1.4222,
      "current_value": 951.09,
      "profit": 801.09,
      "roi_percent": 534.06
    },
    {
      "date": "2008-01-17",
      "rsi_sma": 35.69,
      "price": 98.67,
      "amount": 150.0,
      "shares": 1.5202,
      "current_value": 1016.6,
      "profit": 866.6,
      "roi_percent": 577.73
    },
    {
      "date": "2008-02-04",
      "rsi_sma": 43.42,
      "price": 98.37,
      "amount": 150.0,
      "shares": 1.5248,
      "current_value": 1019.67,
      "profit": 869.67,
      "roi_percent": 579.78
    },
    {
      "date": "2008-03-17",
      "rsi_sma": 38.87,
      "price": 91.64,
      "amount": 150.0,
      "shares": 1.6368,
      "current_value": 1094.55,
      "profit": 944.55,
      "roi_percent": 629.7
    },
    {
      "date": "2008-06-17",
      "rsi_sma": 41.44,
      "price": 99.54,
      "amount": 150.0,
      "shares": 1.507,
      "current_value": 1007.76,
      "profit": 857.76,
      "roi_percent": 571.84
    },
    {
      "date": "2008-07-03",
      "rsi_sma": 29.65,
      "price": 93.24,
      "amount": 150.0,
      "shares": 1.6088,
      "current_value": 1075.83,
      "profit": 925.83,
      "roi_percent": 617.22
    },
    {
      "date": "2008-07-17",
      "rsi_sma": 31.4,
      "price": 91.27,
      "amount": 150.0,
      "shares": 1.6435,
      "current_value": 1099.08,
      "profit": 949.08,
      "roi_percent": 632.72
    },
    {
      "date": "2008-09-17",
      "rsi_sma": 41.07,
      "price": 90.49,
      "amount": 150.0,
      "shares": 1.6577,
      "current_value": 1108.57,
      "profit": 958.57,
      "roi_percent": 639.05
    },
    {
      "date": "2008-10-03",
      "rsi_sma": 40.44,
      "price": 86.78,
      "amount": 150.0,
      "shares": 1.7284,
      "current_value": 1155.85,
      "profit": 1005.85,
      "roi_percent": 670.57
    },
    {
      "date": "2008-10-17",
      "rsi_sma": 32.06,
      "price": 80.36,
      "amount": 150.0,
      "shares": 1.8667,
      "current_value": 1248.32,
      "profit": 1098.32,
      "roi_percent": 732.21
    },
    {
      "date": "2009-03-03",
      "rsi_sma": 32.08,
      "price": 66.65,
      "amount": 150.0,
      "shares": 2.2504,
      "current_value": 1504.94,
      "profit": 1354.94,
      "roi_percent": 903.29
    },
    {
      "date": "2009-03-17",
      "rsi_sma": 44.36,
      "price": 72.96,
      "amount": 150.0,
      "shares": 2.0559,
      "current_value": 1374.87,
      "profit": 1224.87,
      "roi_percent": 816.58
    },
    {
      "date": "2010-02-03",
      "rsi_sma": 40.51,
      "price": 87.75,
      "amount": 150.0,
      "shares": 1.7093,
      "current_value": 1143.09,
      "profit": 993.09,
      "roi_percent": 662.06
    },
    {
      "date": "2010-02-17",
      "rsi_sma": 43.94,
      "price": 86.8,
      "amount": 150.0,
      "shares": 1.7281,
      "current_value": 1155.61,
      "profit": 1005.61,
      "roi_percent": 670.41
    },
    {
      "date": "2010-05-17",
      "rsi_sma": 43.02,
      "price": 88.93,
      "amount": 150.0,
      "shares": 1.6867,
      "current_value": 1127.94,
      "profit": 977.94,
      "roi_percent": 651.96
    },
    {
      "date": "2010-06-03",
      "rsi_sma": 39.51,
      "price": 87.02,
      "amount": 150.0,
      "shares": 1.7237,
      "current_value": 1152.69,
      "profit": 1002.69,
      "roi_percent": 668.46
    },
    {
      "date": "2011-03-17",
      "rsi_sma": 43.65,
      "price": 97.35,
      "amount": 150.0,
      "shares": 1.5409,
      "current_value": 1030.42,
      "profit": 880.42,
      "roi_percent": 586.95
    },
    {
      "date": "2011-06-17",
      "rsi_sma": 36.46,
      "price": 96.56,
      "amount": 150.0,
      "shares": 1.5535,
      "current_value": 1038.84,
      "profit": 888.84,
      "roi_percent": 592.56
    },
    {
      "date": "2011-08-03",
      "rsi_sma": 41.59,
      "price": 93.95,
      "amount": 150.0,
      "shares": 1.5967,
      "current_value": 1067.74,
      "profit": 917.74,
      "roi_percent": 611.83
    },
    {
      "date": "2011-08-17",
      "rsi_sma": 37.43,
      "price": 91.08,
      "amount": 150.0,
      "shares": 1.6469,
      "current_value": 1101.34,
      "profit": 951.34,
      "roi_percent": 634.22
    },
    {
      "date": "2011-10-03",
      "rsi_sma": 43.22,
      "price": 89.85,
      "amount": 150.0,
      "shares": 1.6694,
      "current_value": 1116.41,
      "profit": 966.41,
      "roi_percent": 644.27
    },
    {
      "date": "2012-05-17",
      "rsi_sma": 34.15,
      "price": 104.16,
      "amount": 150.0,
      "shares": 1.44,
      "current_value": 963.0,
      "profit": 813.0,
      "roi_percent": 542.0
    },
    {
      "date": "2012-06-04",
      "rsi_sma": 36.39,
      "price": 105.19,
      "amount": 150.0,
      "shares": 1.426,
      "current_value": 953.6,
      "profit": 803.6,
      "roi_percent": 535.73
    },
    {
      "date": "2012-11-05",
      "rsi_sma": 41.28,
      "price": 112.29,
      "amount": 150.0,
      "shares": 1.3359,
      "current_value": 893.33,
      "profit": 743.33,
      "roi_percent": 495.56
    },
    {
      "date": "2012-11-19",
      "rsi_sma": 33.29,
      "price": 110.65,
      "amount": 150.0,
      "shares": 1.3557,
      "current_value": 906.57,
      "profit": 756.57,
      "roi_percent": 504.38
    },
    {
      "date": "2013-09-03",
      "rsi_sma": 41.06,
      "price": 140.24,
      "amount": 150.0,
      "shares": 1.0696,
      "current_value": 715.25,
      "profit": 565.25,
      "roi_percent": 376.83
    },
    {
      "date": "2014-02-03",
      "rsi_sma": 37.64,
      "price": 158.25,
      "amount": 150.0,
      "shares": 0.9479,
      "current_value": 633.88,
      "profit": 483.88,
      "roi_percent": 322.59
    },
    {
      "date": "2014-10-03",
      "rsi_sma": 43.26,
      "price": 181.59,
      "amount": 150.0,
      "shares": 0.826,
      "current_value": 552.39,
      "profit": 402.39,
      "roi_percent": 268.26
    },
    {
      "date": "2014-10-17",
      "rsi_sma": 33.36,
      "price": 175.79,
      "amount": 150.0,
      "shares": 0.8533,
      "current_value": 570.61,
      "profit": 420.61,
      "roi_percent": 280.41
    },
    {
      "date": "2014-12-17",
      "rsi_sma": 43.4,
      "price": 194.42,
      "amount": 150.0,
      "shares": 0.7715,
      "current_value": 515.95,
      "profit": 365.95,
      "roi_percent": 243.97
    },
    {
      "date": "2015-09-03",
      "rsi_sma": 39.36,
      "price": 218.06,
      "amount": 150.0,
      "shares": 0.6879,
      "current_value": 460.01,
      "profit": 310.01,
      "roi_percent": 206.67
    },
    {
      "date": "2015-10-05",
      "rsi_sma": 43.25,
      "price": 220.82,
      "amount": 150.0,
      "shares": 0.6793,
      "current_value": 454.25,
      "profit": 304.25,
      "roi_percent": 202.83
    },
    {
      "date": "2016-02-03",
      "rsi_sma": 44.32,
      "price": 228.63,
      "amount": 150.0,
      "shares": 0.6561,
      "current_value": 438.73,
      "profit": 288.73,
      "roi_percent": 192.49
    },
    {
      "date": "2016-02-17",
      "rsi_sma": 41.63,
      "price": 227.33,
      "amount": 150.0,
      "shares": 0.6598,
      "current_value": 441.25,
      "profit": 291.25,
      "roi_percent": 194.17
    },
    {
      "date": "2016-09-19",
      "rsi_sma": 41.26,
      "price": 243.14,
      "amount": 150.0,
      "shares": 0.6169,
      "current_value": 412.55,
      "profit": 262.55,
      "roi_percent": 175.04
    },
    {
      "date": "2016-11-03",
      "rsi_sma": 39.15,
      "price": 241.39,
      "amount": 150.0,
      "shares": 0.6214,
      "current_value": 415.55,
      "profit": 265.55,
      "roi_percent": 177.04
    },
    {
      "date": "2018-04-03",
      "rsi_sma": 38.61,
      "price": 299.45,
      "amount": 150.0,
      "shares": 0.5009,
      "current_value": 334.98,
      "profit": 184.98,
      "roi_percent": 123.32
    },
    {
      "date": "2018-07-03",
      "rsi_sma": 43.75,
      "price": 318.92,
      "amount": 150.0,
      "shares": 0.4703,
      "current_value": 314.53,
      "profit": 164.53,
      "roi_percent": 109.69
    },
    {
      "date": "2018-10-17",
      "rsi_sma": 32.25,
      "price": 325.32,
      "amount": 150.0,
      "shares": 0.4611,
      "current_value": 308.34,
      "profit": 158.34,
      "roi_percent": 105.56
    },
    {
      "date": "2018-11-05",
      "rsi_sma": 38.91,
      "price": 321.18,
      "amount": 150.0,
      "shares": 0.467,
      "current_value": 312.31,
      "profit": 162.31,
      "roi_percent": 108.21
    },
    {
      "date": "2018-12-17",
      "rsi_sma": 39.3,
      "price": 306.58,
      "amount": 150.0,
      "shares": 0.4893,
      "current_value": 327.19,
      "profit": 177.19,
      "roi_percent": 118.13
    },
    {
      "date": "2019-01-03",
      "rsi_sma": 36.72,
      "price": 300.26,
      "amount": 150.0,
      "shares": 0.4996,
      "current_value": 334.07,
      "profit": 184.07,
      "roi_percent": 122.72
    },
    {
      "date": "2019-05-17",
      "rsi_sma": 43.68,
      "price": 348.61,
      "amount": 150.0,
      "shares": 0.4303,
      "current_value": 287.74,
      "profit": 137.74,
      "roi_percent": 91.83
    },
    {
      "date": "2019-06-03",
      "rsi_sma": 37.3,
      "price": 336.32,
      "amount": 150.0,
      "shares": 0.446,
      "current_value": 298.26,
      "profit": 148.26,
      "roi_percent": 98.84
    },
    {
      "date": "2019-08-19",
      "rsi_sma": 43.84,
      "price": 353.07,
      "amount": 150.0,
      "shares": 0.4248,
      "current_value": 284.11,
      "profit": 134.11,
      "roi_percent": 89.4
    },
    {
      "date": "2020-03-03",
      "rsi_sma": 29.06,
      "price": 367.7,
      "amount": 150.0,
      "shares": 0.4079,
      "current_value": 272.81,
      "profit": 122.81,
      "roi_percent": 81.87
    },
    {
      "date": "2020-03-17",
      "rsi_sma": 32.07,
      "price": 325.52,
      "amount": 150.0,
      "shares": 0.4608,
      "current_value": 308.15,
      "profit": 158.15,
      "roi_percent": 105.43
    },
    {
      "date": "2020-04-03",
      "rsi_sma": 44.39,
      "price": 324.19,
      "amount": 150.0,
      "shares": 0.4627,
      "current_value": 309.42,
      "profit": 159.42,
      "roi_percent": 106.28
    },
    {
      "date": "2020-11-03",
      "rsi_sma": 42.42,
      "price": 414.16,
      "amount": 150.0,
      "shares": 0.3622,
      "current_value": 242.2,
      "profit": 92.2,
      "roi_percent": 61.47
    },
    {
      "date": "2021-10-04",
      "rsi_sma": 41.94,
      "price": 511.61,
      "amount": 150.0,
      "shares": 0.2932,
      "current_value": 196.07,
      "profit": 46.07,
      "roi_percent": 30.71
    },
    {
      "date": "2022-02-03",
      "rsi_sma": 40.19,
      "price": 537.52,
      "amount": 150.0,
      "shares": 0.2791,
      "current_value": 186.62,
      "profit": 36.62,
      "roi_percent": 24.41
    },
    {
      "date": "2022-03-03",
      "rsi_sma": 42.21,
      "price": 522.74,
      "amount": 150.0,
      "shares": 0.2869,
      "current_value": 191.89,
      "profit": 41.89,
      "roi_percent": 27.93
    },
    {
      "date": "2022-05-03",
      "rsi_sma": 37.35,
      "price": 510.14,
      "amount": 150.0,
      "shares": 0.294,
      "current_value": 196.63,
      "profit": 46.63,
      "roi_percent": 31.09
    },
    {
      "date": "2022-05-17",
      "rsi_sma": 36.26,
      "price": 499.33,
      "amount": 150.0,
      "shares": 0.3004,
      "current_value": 200.89,
      "profit": 50.89,
      "roi_percent": 33.93
    },
    {
      "date": "2022-06-17",
      "rsi_sma": 35.19,
      "price": 452.97,
      "amount": 150.0,
      "shares": 0.3311,
      "current_value": 221.45,
      "profit": 71.45,
      "roi_percent": 47.63
    },
    {
      "date": "2022-09-19",
      "rsi_sma": 44.11,
      "price": 494.39,
      "amount": 150.0,
      "shares": 0.3034,
      "current_value": 202.9,
      "profit": 52.9,
      "roi_percent": 35.26
    },
    {
      "date": "2022-10-03",
      "rsi_sma": 31.14,
      "price": 485.09,
      "amount": 150.0,
      "shares": 0.3092,
      "current_value": 206.79,
      "profit": 56.79,
      "roi_percent": 37.86
    },
    {
      "date": "2022-10-17",
      "rsi_sma": 38.93,
      "price": 487.75,
      "amount": 150.0,
      "shares": 0.3075,
      "current_value": 205.66,
      "profit": 55.66,
      "roi_percent": 37.11
    },
    {
      "date": "2023-01-03",
      "rsi_sma": 43.53,
      "price": 497.82,
      "amount": 150.0,
      "shares": 0.3013,
      "current_value": 201.5,
      "profit": 51.5,
      "roi_percent": 34.33
    },
    {
      "date": "2023-03-03",
      "rsi_sma": 44.88,
      "price": 529.76,
      "amount": 150.0,
      "shares": 0.2831,
      "current_value": 189.35,
      "profit": 39.35,
      "roi_percent": 26.23
    },
    {
      "date": "2023-03-17",
      "rsi_sma": 40.88,
      "price": 517.8,
      "amount": 150.0,
      "shares": 0.2897,
      "current_value": 193.72,
      "profit": 43.72,
      "roi_percent": 29.15
    },
    {
      "date": "2023-08-17",
      "rsi_sma": 43.97,
      "price": 573.69,
      "amount": 150.0,
      "shares": 0.2615,
      "current_value": 174.85,
      "profit": 24.85,
      "roi_percent": 16.57
    },
    {
      "date": "2023-10-03",
      "rsi_sma": 33.12,
      "price": 562.05,
      "amount": 150.0,
      "shares": 0.2669,
      "current_value": 178.47,
      "profit": 28.47,
      "roi_percent": 18.98
    },
    {
      "date": "2023-11-03",
      "rsi_sma": 42.37,
      "price": 582.51,
      "amount": 150.0,
      "shares": 0.2575,
      "current_value": 172.2,
      "profit": 22.2,
      "roi_percent": 14.8
    },
    {
      "date": "2024-08-05",
      "rsi_sma": 43.74,
      "price": 707.49,
      "amount": 150.0,
      "shares": 0.212,
      "current_value": 141.78,
      "profit": -8.22,
      "roi_percent": -5.48
    },
    {
      "date": "2025-03-03",
      "rsi_sma": 41.52,
      "price": 835.7,
      "amount": 150.0,
      "shares": 0.1795,
      "current_value": 120.03,
      "profit": -29.97,
      "roi_percent": -19.98
    },
    {
      "date": "2025-03-17",
      "rsi_sma": 33.35,
      "price": 807.87,
      "amount": 150.0,
      "shares": 0.1857,
      "current_value": 124.17,
      "profit": -25.83,
      "roi_percent": -17.22
    },
    {
      "date": "2025-04-03",
      "rsi_sma": 41.33,
      "price": 758.65,
      "amount": 150.0,
      "shares": 0.1977,
      "current_value": 132.22,
      "profit": -17.78,
      "roi_percent": -11.85
    },
    {
      "date": "2025-04-17",
      "rsi_sma": 44.28,
      "price": 725.43,
      "amount": 150.0,
      "shares": 0.2068,
      "current_value": 138.28,
      "profit": -11.72,
      "roi_percent": -7.82
    }
  ]
}