{
  "generated_at": "2025-11-25 16:57:15",
  "current_spy_price": 675.02,
  "data_source": "rainy_buys_calendar_dates.csv",
  "summary": {
    "total_contributions": 12450.0,
    "num_buys": 83,
    "avg_buy_price": 264.21,
    "total_shares": 81.08,
    "current_value": 54729.28,
    "profit": 42279.28,
    "roi_percent": 339.59,
    "price_appreciation_multiple": 2.55,
    "first_buy_date": "2004-03-17",
    "last_buy_date": "2025-04-17",
    "years_active": 21
  },
  "all_periods": [
    {
      "year": 2009,
      "num_buys": 2,
      "total_contributions": 300.0,
      "avg_price": 69.81,
      "total_shares": 4.31,
      "current_value": 2906.89,
      "profit": 2606.89,
      "roi_percent": 868.96,
      "start_date": "2009-03-03",
      "end_date": "2009-03-17",
      "duration_days": 14
    },
    {
      "year": 2010,
      "num_buys": 4,
      "total_contributions": 600.0,
      "avg_price": 87.63,
      "total_shares": 6.85,
      "current_value": 4622.4,
      "profit": 4022.4,
      "roi_percent": 670.4,
      "start_date": "2010-02-03",
      "end_date": "2010-06-03",
      "duration_days": 120
    },
    {
      "year": 2008,
      "num_buys": 9,
      "total_contributions": 1350.0,
      "avg_price": 92.26,
      "total_shares": 14.69,
      "current_value": 9918.65,
      "profit": 8568.65,
      "roi_percent": 634.71,
      "start_date": "2008-01-17",
      "end_date": "2008-10-17",
      "duration_days": 274
    },
    {
      "year": 2011,
      "num_buys": 5,
      "total_contributions": 750.0,
      "avg_price": 93.76,
      "total_shares": 8.01,
      "current_value": 5405.11,
      "profit": 4655.11,
      "roi_percent": 620.68,
      "start_date": "2011-03-17",
      "end_date": "2011-10-03",
      "duration_days": 200
    },
    {
      "year": 2006,
      "num_buys": 1,
      "total_contributions": 150.0,
      "avg_price": 96.74,
      "total_shares": 1.55,
      "current_value": 1046.65,
      "profit": 896.65,
      "roi_percent": 597.77,
      "start_date": "2006-06-19",
      "end_date": "2006-06-19",
      "duration_days": 0
    },
    {
      "year": 2005,
      "num_buys": 3,
      "total_contributions": 450.0,
      "avg_price": 97.49,
      "total_shares": 4.62,
      "current_value": 3116.06,
      "profit": 2666.06,
      "roi_percent": 592.46,
      "start_date": "2005-04-04",
      "end_date": "2005-10-17",
      "duration_days": 196
    },
    {
      "year": 2004,
      "num_buys": 5,
      "total_contributions": 750.0,
      "avg_price": 98.65,
      "total_shares": 7.61,
      "current_value": 5135.02,
      "profit": 4385.02,
      "roi_percent": 584.67,
      "start_date": "2004-03-17",
      "end_date": "2004-08-17",
      "duration_days": 153
    },
    {
      "year": 2012,
      "num_buys": 4,
      "total_contributions": 600.0,
      "avg_price": 108.07,
      "total_shares": 5.56,
      "current_value": 3751.46,
      "profit": 3151.46,
      "roi_percent": 525.24,
      "start_date": "2012-05-17",
      "end_date": "2012-11-19",
      "duration_days": 186
    },
    {
      "year": 2007,
      "num_buys": 6,
      "total_contributions": 900.0,
      "avg_price": 109.06,
      "total_shares": 8.27,
      "current_value": 5583.63,
      "profit": 4683.63,
      "roi_percent": 520.4,
      "start_date": "2007-03-05",
      "end_date": "2007-12-03",
      "duration_days": 273
    },
    {
      "year": 2013,
      "num_buys": 1,
      "total_contributions": 150.0,
      "avg_price": 140.24,
      "total_shares": 1.07,
      "current_value": 721.98,
      "profit": 571.98,
      "roi_percent": 381.32,
      "start_date": "2013-09-03",
      "end_date": "2013-09-03",
      "duration_days": 0
    },
    {
      "year": 2014,
      "num_buys": 4,
      "total_contributions": 600.0,
      "avg_price": 177.51,
      "total_shares": 3.4,
      "current_value": 2294.22,
      "profit": 1694.22,
      "roi_percent": 282.37,
      "start_date": "2014-02-03",
      "end_date": "2014-12-17",
      "duration_days": 317
    },
    {
      "year": 2015,
      "num_buys": 2,
      "total_contributions": 300.0,
      "avg_price": 219.44,
      "total_shares": 1.37,
      "current_value": 922.86,
      "profit": 622.86,
      "roi_percent": 207.62,
      "start_date": "2015-09-03",
      "end_date": "2015-10-05",
      "duration_days": 32
    },
    {
      "year": 2016,
      "num_buys": 4,
      "total_contributions": 600.0,
      "avg_price": 235.12,
      "total_shares": 2.55,
      "current_value": 1724.16,
      "profit": 1124.16,
      "roi_percent": 187.36,
      "start_date": "2016-02-03",
      "end_date": "2016-11-03",
      "duration_days": 274
    },
    {
      "year": 2018,
      "num_buys": 5,
      "total_contributions": 750.0,
      "avg_price": 314.29,
      "total_shares": 2.39,
      "current_value": 1612.38,
      "profit": 862.38,
      "roi_percent": 114.98,
      "start_date": "2018-04-03",
      "end_date": "2018-12-17",
      "duration_days": 258
    },
    {
      "year": 2019,
      "num_buys": 4,
      "total_contributions": 600.0,
      "avg_price": 334.57,
      "total_shares": 1.8,
      "current_value": 1215.51,
      "profit": 615.51,
      "roi_percent": 102.58,
      "start_date": "2019-01-03",
      "end_date": "2019-08-19",
      "duration_days": 228
    },
    {
      "year": 2020,
      "num_buys": 4,
      "total_contributions": 600.0,
      "avg_price": 357.89,
      "total_shares": 1.69,
      "current_value": 1143.22,
      "profit": 543.22,
      "roi_percent": 90.54,
      "start_date": "2020-03-03",
      "end_date": "2020-11-03",
      "duration_days": 245
    },
    {
      "year": 2022,
      "num_buys": 8,
      "total_contributions": 1200.0,
      "avg_price": 498.74,
      "total_shares": 2.41,
      "current_value": 1627.99,
      "profit": 427.99,
      "roi_percent": 35.67,
      "start_date": "2022-02-03",
      "end_date": "2022-10-17",
      "duration_days": 256
    },
    {
      "year": 2021,
      "num_buys": 1,
      "total_contributions": 150.0,
      "avg_price": 511.61,
      "total_shares": 0.29,
      "current_value": 197.91,
      "profit": 47.91,
      "roi_percent": 31.94,
      "start_date": "2021-10-04",
      "end_date": "2021-10-04",
      "duration_days": 0
    },
    {
      "year": 2023,
      "num_buys": 6,
      "total_contributions": 900.0,
      "avg_price": 543.94,
      "total_shares": 1.66,
      "current_value": 1120.53,
      "profit": 220.53,
      "roi_percent": 24.5,
      "start_date": "2023-01-03",
      "end_date": "2023-11-03",
      "duration_days": 304
    },
    {
      "year": 2024,
      "num_buys": 1,
      "total_contributions": 150.0,
      "avg_price": 707.49,
      "total_shares": 0.21,
      "current_value": 143.12,
      "profit": -6.88,
      "roi_percent": -4.59,
      "start_date": "2024-08-05",
      "end_date": "2024-08-05",
      "duration_days": 0
    },
    {
      "year": 2025,
      "num_buys": 4,
      "total_contributions": 600.0,
      "avg_price": 781.91,
      "total_shares": 0.77,
      "current_value": 519.54,
      "profit": -80.46,
      "roi_percent": -13.41,
      "start_date": "2025-03-03",
      "end_date": "2025-04-17",
      "duration_days": 45
    }
  ],
  "top_periods": [
    {
      "year": 2009,
      "num_buys": 2,
      "total_contributions": 300.0,
      "avg_price": 69.81,
      "total_shares": 4.31,
      "current_value": 2906.89,
      "profit": 2606.89,
      "roi_percent": 868.96,
      "start_date": "2009-03-03",
      "end_date": "2009-03-17",
      "duration_days": 14
    },
    {
      "year": 2010,
      "num_buys": 4,
      "total_contributions": 600.0,
      "avg_price": 87.63,
      "total_shares": 6.85,
      "current_value": 4622.4,
      "profit": 4022.4,
      "roi_percent": 670.4,
      "start_date": "2010-02-03",
      "end_date": "2010-06-03",
      "duration_days": 120
    },
    {
      "year": 2008,
      "num_buys": 9,
      "total_contributions": 1350.0,
      "avg_price": 92.26,
      "total_shares": 14.69,
      "current_value": 9918.65,
      "profit": 8568.65,
      "roi_percent": 634.71,
      "start_date": "2008-01-17",
      "end_date": "2008-10-17",
      "duration_days": 274
    },
    {
      "year": 2011,
      "num_buys": 5,
      "total_contributions": 750.0,
      "avg_price": 93.76,
      "total_shares": 8.01,
      "current_value": 5405.11,
      "profit": 4655.11,
      "roi_percent": 620.68,
      "start_date": "2011-03-17",
      "end_date": "2011-10-03",
      "duration_days": 200
    },
    {
      "year": 2006,
      "num_buys": 1,
      "total_contributions": 150.0,
      "avg_price": 96.74,
      "total_shares": 1.55,
      "current_value": 1046.65,
      "profit": 896.65,
      "roi_percent": 597.77,
      "start_date": "2006-06-19",
      "end_date": "2006-06-19",
      "duration_days": 0
    }
  ],
  "recent_periods": [
    {
      "year": 2020,
      "num_buys": 4,
      "total_contributions": 600.0,
      "avg_price": 357.89,
      "total_shares": 1.69,
      "current_value": 1143.22,
      "profit": 543.22,
      "roi_percent": 90.54,
      "start_date": "2020-03-03",
      "end_date": "2020-11-03",
      "duration_days": 245
    },
    {
      "year": 2022,
      "num_buys": 8,
      "total_contributions": 1200.0,
      "avg_price": 498.74,
      "total_shares": 2.41,
      "current_value": 1627.99,
      "profit": 427.99,
      "roi_percent": 35.67,
      "start_date": "2022-02-03",
      "end_date": "2022-10-17",
      "duration_days": 256
    },
    {
      "year": 2021,
      "num_buys": 1,
      "total_contributions": 150.0,
      "avg_price": 511.61,
      "total_shares": 0.29,
      "current_value": 197.91,
      "profit": 47.91,
      "roi_percent": 31.94,
      "start_date": "2021-10-04",
      "end_date": "2021-10-04",
      "duration_days": 0
    },
    {
      "year": 2023,
      "num_buys": 6,
      "total_contributions": 900.0,
      "avg_price": 543.94,
      "total_shares": 1.66,
      "current_value": 1120.53,
      "profit": 220.53,
      "roi_percent": 24.5,
      "start_date": "2023-01-03",
      "end_date": "2023-11-03",
      "duration_days": 304
    },
    {
      "year": 2024,
      "num_buys": 1,
      "total_contributions": 150.0,
      "avg_price": 707.49,
      "total_shares": 0.21,
      "current_value": 143.12,
      "profit": -6.88,
      "roi_percent": -4.59,
      "start_date": "2024-08-05",
      "end_date": "2024-08-05",
      "duration_days": 0
    },
    {
      "year": 2025,
      "num_buys": 4,
      "total_contributions": 600.0,
      "avg_price": 781.91,
      "total_shares": 0.77,
      "current_value": 519.54,
      "profit": -80.46,
      "roi_percent": -13.41,
      "start_date": "2025-03-03",
      "end_date": "2025-04-17",
      "duration_days": 45
    }
  ],
  "individual_buys": [
    {
      "date": "2004-03-17",
      "rsi_sma": 40.17,
      "price": 101.06,
      "amount": 150.0,
      "shares": 1.4843,
      "current_value": 1001.92,
      "profit": 851.92,
      "roi_percent": 567.94
    },
    {
      "date": "2004-05-17",
      "rsi_sma": 38.66,
      "price": 102.02,
      "amount": 150.0,
      "shares": 1.4704,
      "current_value": 992.52,
      "profit": 842.52,
      "roi_percent": 561.68
    },
    {
      "date": "2004-07-19",
      "rsi_sma": 40.59,
      "price": 96.89,
      "amount": 150.0,
      "shares": 1.5481,
      "current_value": 1045.02,
      "profit": 895.02,
      "roi_percent": 596.68
    },
    {
      "date": "2004-08-03",
      "rsi_sma": 43.86,
      "price": 97.61,
      "amount": 150.0,
      "shares": 1.5367,
      "current_value": 1037.29,
      "profit": 887.29,
      "roi_percent": 591.53
    },
    {
      "date": "2004-08-17",
      "rsi_sma": 38.99,
      "price": 95.68,
      "amount": 150.0,
      "shares": 1.5678,
      "current_value": 1058.27,
      "profit": 908.27,
      "roi_percent": 605.51
    },
    {
      "date": "2005-04-04",
      "rsi_sma": 40.99,
      "price": 98.21,
      "amount": 150.0,
      "shares": 1.5273,
      "current_value": 1030.95,
      "profit": 880.95,
      "roi_percent": 587.3
    },
    {
      "date": "2005-04-18",
      "rsi_sma": 41.24,
      "price": 97.48,
      "amount": 150.0,
      "shares": 1.5388,
      "current_value": 1038.73,
      "profit": 888.73,
      "roi_percent": 592.49
    },
    {
      "date": "2005-10-17",
      "rsi_sma": 34.03,
      "price": 96.76,
      "amount": 150.0,
      "shares": 1.5502,
      "current_value": 1046.38,
      "profit": 896.38,
      "roi_percent": 597.59
    },
    {
      "date": "2006-06-19",
      "rsi_sma": 38.86,
      "price": 96.74,
      "amount": 150.0,
      "shares": 1.5505,
      "current_value": 1046.65,
      "profit": 896.65,
      "roi_percent": 597.77
    },
    {
      "date": "2007-03-05",
      "rsi_sma": 39.25,
      "price": 114.32,
      "amount": 150.0,
      "shares": 1.3121,
      "current_value": 885.72,
      "profit": 735.72,
      "roi_percent": 490.48
    },
    {
      "date": "2007-03-19",
      "rsi_sma": 42.5,
      "price": 116.79,
      "amount": 150.0,
      "shares": 1.2843,
      "current_value": 866.94,
      "profit": 716.94,
      "roi_percent": 477.96
    },
    {
      "date": "2007-08-03",
      "rsi_sma": 35.82,
      "price": 107.57,
      "amount": 150.0,
      "shares": 1.3944,
      "current_value": 941.28,
      "profit": 791.28,
      "roi_percent": 527.52
    },
    {
      "date": "2007-08-17",
      "rsi_sma": 39.73,
      "price": 109.17,
      "amount": 150.0,
      "shares": 1.374,
      "current_value": 927.51,
      "profit": 777.51,
      "roi_percent": 518.34
    },
    {
      "date": "2007-11-19",
      "rsi_sma": 38.49,
      "price": 101.04,
      "amount": 150.0,
      "shares": 1.4846,
      "current_value": 1002.15,
      "profit": 852.15,
      "roi_percent": 568.1
    },
    {
      "date": "2007-12-03",
      "rsi_sma": 44.73,
      "price": 105.47,
      "amount": 150.0,
      "shares": 1.4222,
      "current_value": 960.03,
      "profit": 810.03,
      "roi_percent": 540.02
    },
    {
      "date": "2008-01-17",
      "rsi_sma": 35.69,
      "price": 98.67,
      "amount": 150.0,
      "shares": 1.5202,
      "current_value": 1026.16,
      "profit": 876.16,
      "roi_percent": 584.11
    },
    {
      "date": "2008-02-04",
      "rsi_sma": 43.42,
      "price": 98.37,
      "amount": 150.0,
      "shares": 1.5248,
      "current_value": 1029.26,
      "profit": 879.26,
      "roi_percent": 586.17
    },
    {
      "date": "2008-03-17",
      "rsi_sma": 38.87,
      "price": 91.64,
      "amount": 150.0,
      "shares": 1.6368,
      "current_value": 1104.85,
      "profit": 954.85,
      "roi_percent": 636.57
    },
    {
      "date": "2008-06-17",
      "rsi_sma": 41.44,
      "price": 99.54,
      "amount": 150.0,
      "shares": 1.507,
      "current_value": 1017.23,
      "profit": 867.23,
      "roi_percent": 578.16
    },
    {
      "date": "2008-07-03",
      "rsi_sma": 29.65,
      "price": 93.24,
      "amount": 150.0,
      "shares": 1.6088,
      "current_value": 1085.95,
      "profit": 935.95,
      "roi_percent": 623.97
    },
    {
      "date": "2008-07-17",
      "rsi_sma": 31.4,
      "price": 91.27,
      "amount": 150.0,
      "shares": 1.6435,
      "current_value": 1109.42,
      "profit": 959.42,
      "roi_percent": 639.61
    },
    {
      "date": "2008-09-17",
      "rsi_sma": 41.07,
      "price": 90.49,
      "amount": 150.0,
      "shares": 1.6577,
      "current_value": 1119.0,
      "profit": 969.0,
      "roi_percent": 646.0
    },
    {
      "date": "2008-10-03",
      "rsi_sma": 40.44,
      "price": 86.78,
      "amount": 150.0,
      "shares": 1.7284,
      "current_value": 1166.72,
      "profit": 1016.72,
      "roi_percent": 677.82
    },
    {
      "date": "2008-10-17",
      "rsi_sma": 32.06,
      "price": 80.36,
      "amount": 150.0,
      "shares": 1.8667,
      "current_value": 1260.06,
      "profit": 1110.06,
      "roi_percent": 740.04
    },
    {
      "date": "2009-03-03",
      "rsi_sma": 32.08,
      "price": 66.65,
      "amount": 150.0,
      "shares": 2.2504,
      "current_value": 1519.09,
      "profit": 1369.09,
      "roi_percent": 912.73
    },
    {
      "date": "2009-03-17",
      "rsi_sma": 44.36,
      "price": 72.96,
      "amount": 150.0,
      "shares": 2.0559,
      "current_value": 1387.8,
      "profit": 1237.8,
      "roi_percent": 825.2
    },
    {
      "date": "2010-02-03",
      "rsi_sma": 40.51,
      "price": 87.75,
      "amount": 150.0,
      "shares": 1.7093,
      "current_value": 1153.84,
      "profit": 1003.84,
      "roi_percent": 669.23
    },
    {
      "date": "2010-02-17",
      "rsi_sma": 43.94,
      "price": 86.8,
      "amount": 150.0,
      "shares": 1.7281,
      "current_value": 1166.48,
      "profit": 1016.48,
      "roi_percent": 677.65
    },
    {
      "date": "2010-05-17",
      "rsi_sma": 43.02,
      "price": 88.93,
      "amount": 150.0,
      "shares": 1.6867,
      "current_value": 1138.55,
      "profit": 988.55,
      "roi_percent": 659.03
    },
    {
      "date": "2010-06-03",
      "rsi_sma": 39.51,
      "price": 87.02,
      "amount": 150.0,
      "shares": 1.7237,
      "current_value": 1163.53,
      "profit": 1013.53,
      "roi_percent": 675.69
    },
    {
      "date": "2011-03-17",
      "rsi_sma": 43.65,
      "price": 97.35,
      "amount": 150.0,
      "shares": 1.5409,
      "current_value": 1040.11,
      "profit": 890.11,
      "roi_percent": 593.41
    },
    {
      "date": "2011-06-17",
      "rsi_sma": 36.46,
      "price": 96.56,
      "amount": 150.0,
      "shares": 1.5535,
      "current_value": 1048.61,
      "profit": 898.61,
      "roi_percent": 599.08
    },
    {
      "date": "2011-08-03",
      "rsi_sma": 41.59,
      "price": 93.95,
      "amount": 150.0,
      "shares": 1.5967,
      "current_value": 1077.78,
      "profit": 927.78,
      "roi_percent": 618.52
    },
    {
      "date": "2011-08-17",
      "rsi_sma": 37.43,
      "price": 91.08,
      "amount": 150.0,
      "shares": 1.6469,
      "current_value": 1111.7,
      "profit": 961.7,
      "roi_percent": 641.13
    },
    {
      "date": "2011-10-03",
      "rsi_sma": 43.22,
      "price": 89.85,
      "amount": 150.0,
      "shares": 1.6694,
      "current_value": 1126.91,
      "profit": 976.91,
      "roi_percent": 651.27
    },
    {
      "date": "2012-05-17",
      "rsi_sma": 34.15,
      "price": 104.16,
      "amount": 150.0,
      "shares": 1.44,
      "current_value": 972.06,
      "profit": 822.06,
      "roi_percent": 548.04
    },
    {
      "date": "2012-06-04",
      "rsi_sma": 36.39,
      "price": 105.19,
      "amount": 150.0,
      "shares": 1.426,
      "current_value": 962.56,
      "profit": 812.56,
      "roi_percent": 541.71
    },
    {
      "date": "2012-11-05",
      "rsi_sma": 41.28,
      "price": 112.29,
      "amount": 150.0,
      "shares": 1.3359,
      "current_value": 901.74,
      "profit": 751.74,
      "roi_percent": 501.16
    },
    {
      "date": "2012-11-19",
      "rsi_sma": 33.29,
      "price": 110.65,
      "amount": 150.0,
      "shares": 1.3557,
      "current_value": 915.1,
      "profit": 765.1,
      "roi_percent": 510.07
    },
    {
      "date": "2013-09-03",
      "rsi_sma": 41.06,
      "price": 140.24,
      "amount": 150.0,
      "shares": 1.0696,
      "current_value": 721.98,
      "profit": 571.98,
      "roi_percent": 381.32
    },
    {
      "date": "2014-02-03",
      "rsi_sma": 37.64,
      "price": 158.25,
      "amount": 150.0,
      "shares": 0.9479,
      "current_value": 639.84,
      "profit": 489.84,
      "roi_percent": 326.56
    },
    {
      "date": "2014-10-03",
      "rsi_sma": 43.26,
      "price": 181.59,
      "amount": 150.0,
      "shares": 0.826,
      "current_value": 557.59,
      "profit": 407.59,
      "roi_percent": 271.72
    },
    {
      "date": "2014-10-17",
      "rsi_sma": 33.36,
      "price": 175.79,
      "amount": 150.0,
      "shares": 0.8533,
      "current_value": 575.98,
      "profit": 425.98,
      "roi_percent": 283.99
    },
    {
      "date": "2014-12-17",
      "rsi_sma": 43.4,
      "price": 194.42,
      "amount": 150.0,
      "shares": 0.7715,
      "current_value": 520.8,
      "profit": 370.8,
      "roi_percent": 247.2
    },
    {
      "date": "2015-09-03",
      "rsi_sma": 39.36,
      "price": 218.06,
      "amount": 150.0,
      "shares": 0.6879,
      "current_value": 464.33,
      "profit": 314.33,
      "roi_percent": 209.56
    },
    {
      "date": "2015-10-05",
      "rsi_sma": 43.25,
      "price": 220.82,
      "amount": 150.0,
      "shares": 0.6793,
      "current_value": 458.52,
      "profit": 308.52,
      "roi_percent": 205.68
    },
    {
      "date": "2016-02-03",
      "rsi_sma": 44.32,
      "price": 228.63,
      "amount": 150.0,
      "shares": 0.6561,
      "current_value": 442.86,
      "profit": 292.86,
      "roi_percent": 195.24
    },
    {
      "date": "2016-02-17",
      "rsi_sma": 41.63,
      "price": 227.33,
      "amount": 150.0,
      "shares": 0.6598,
      "current_value": 445.4,
      "profit": 295.4,
      "roi_percent": 196.94
    },
    {
      "date": "2016-09-19",
      "rsi_sma": 41.26,
      "price": 243.14,
      "amount": 150.0,
      "shares": 0.6169,
      "current_value": 416.43,
      "profit": 266.43,
      "roi_percent": 177.62
    },
    {
      "date": "2016-11-03",
      "rsi_sma": 39.16,
      "price": 241.39,
      "amount": 150.0,
      "shares": 0.6214,
      "current_value": 419.46,
      "profit": 269.46,
      "roi_percent": 179.64
    },
    {
      "date": "2018-04-03",
      "rsi_sma": 38.61,
      "price": 299.45,
      "amount": 150.0,
      "shares": 0.5009,
      "current_value": 338.13,
      "profit": 188.13,
      "roi_percent": 125.42
    },
    {
      "date": "2018-07-03",
      "rsi_sma": 43.75,
      "price": 318.92,
      "amount": 150.0,
      "shares": 0.4703,
      "current_value": 317.49,
      "profit": 167.49,
      "roi_percent": 111.66
    },
    {
      "date": "2018-10-17",
      "rsi_sma": 32.25,
      "price": 325.32,
      "amount": 150.0,
      "shares": 0.4611,
      "current_value": 311.24,
      "profit": 161.24,
      "roi_percent": 107.49
    },
    {
      "date": "2018-11-05",
      "rsi_sma": 38.91,
      "price": 321.18,
      "amount": 150.0,
      "shares": 0.467,
      "current_value": 315.25,
      "profit": 165.25,
      "roi_percent": 110.17
    },
    {
      "date": "2018-12-17",
      "rsi_sma": 39.3,
      "price": 306.58,
      "amount": 150.0,
      "shares": 0.4893,
      "current_value": 330.27,
      "profit": 180.27,
      "roi_percent": 120.18
    },
    {
      "date": "2019-01-03",
      "rsi_sma": 36.72,
      "price": 300.26,
      "amount": 150.0,
      "shares": 0.4996,
      "current_value": 337.22,
      "profit": 187.22,
      "roi_percent": 124.81
    },
    {
      "date": "2019-05-17",
      "rsi_sma": 43.68,
      "price": 348.61,
      "amount": 150.0,
      "shares": 0.4303,
      "current_value": 290.45,
      "profit": 140.45,
      "roi_percent": 93.63
    },
    {
      "date": "2019-06-03",
      "rsi_sma": 37.3,
      "price": 336.32,
      "amount": 150.0,
      "shares": 0.446,
      "current_value": 301.07,
      "profit": 151.07,
      "roi_percent": 100.71
    },
    {
      "date": "2019-08-19",
      "rsi_sma": 43.84,
      "price": 353.07,
      "amount": 150.0,
      "shares": 0.4248,
      "current_value": 286.78,
      "profit": 136.78,
      "roi_percent": 91.19
    },
    {
      "date": "2020-03-03",
      "rsi_sma": 29.06,
      "price": 367.7,
      "amount": 150.0,
      "shares": 0.4079,
      "current_value": 275.37,
      "profit": 125.37,
      "roi_percent": 83.58
    },
    {
      "date": "2020-03-17",
      "rsi_sma": 32.07,
      "price": 325.52,
      "amount": 150.0,
      "shares": 0.4608,
      "current_value": 311.05,
      "profit": 161.05,
      "roi_percent": 107.36
    },
    {
      "date": "2020-04-03",
      "rsi_sma": 44.39,
      "price": 324.19,
      "amount": 150.0,
      "shares": 0.4627,
      "current_value": 312.33,
      "profit": 162.33,
      "roi_percent": 108.22
    },
    {
      "date": "2020-11-03",
      "rsi_sma": 42.42,
      "price": 414.16,
      "amount": 150.0,
      "shares": 0.3622,
      "current_value": 244.48,
      "profit": 94.48,
      "roi_percent": 62.99
    },
    {
      "date": "2021-10-04",
      "rsi_sma": 41.94,
      "price": 511.61,
      "amount": 150.0,
      "shares": 0.2932,
      "current_value": 197.91,
      "profit": 47.91,
      "roi_percent": 31.94
    },
    {
      "date": "2022-02-03",
      "rsi_sma": 40.19,
      "price": 537.52,
      "amount": 150.0,
      "shares": 0.2791,
      "current_value": 188.37,
      "profit": 38.37,
      "roi_percent": 25.58
    },
    {
      "date": "2022-03-03",
      "rsi_sma": 42.21,
      "price": 522.74,
      "amount": 150.0,
      "shares": 0.2869,
      "current_value": 193.69,
      "profit": 43.69,
      "roi_percent": 29.13
    },
    {
      "date": "2022-05-03",
      "rsi_sma": 37.35,
      "price": 510.14,
      "amount": 150.0,
      "shares": 0.294,
      "current_value": 198.48,
      "profit": 48.48,
      "roi_percent": 32.32
    },
    {
      "date": "2022-05-17",
      "rsi_sma": 36.26,
      "price": 499.33,
      "amount": 150.0,
      "shares": 0.3004,
      "current_value": 202.78,
      "profit": 52.78,
      "roi_percent": 35.19
    },
    {
      "date": "2022-06-17",
      "rsi_sma": 35.19,
      "price": 452.97,
      "amount": 150.0,
      "shares": 0.3311,
      "current_value": 223.53,
      "profit": 73.53,
      "roi_percent": 49.02
    },
    {
      "date": "2022-09-19",
      "rsi_sma": 44.11,
      "price": 494.39,
      "amount": 150.0,
      "shares": 0.3034,
      "current_value": 204.81,
      "profit": 54.81,
      "roi_percent": 36.54
    },
    {
      "date": "2022-10-03",
      "rsi_sma": 31.14,
      "price": 485.09,
      "amount": 150.0,
      "shares": 0.3092,
      "current_value": 208.73,
      "profit": 58.73,
      "roi_percent": 39.15
    },
    {
      "date": "2022-10-17",
      "rsi_sma": 38.93,
      "price": 487.75,
      "amount": 150.0,
      "shares": 0.3075,
      "current_value": 207.59,
      "profit": 57.59,
      "roi_percent": 38.4
    },
    {
      "date": "2023-01-03",
      "rsi_sma": 43.53,
      "price": 497.82,
      "amount": 150.0,
      "shares": 0.3013,
      "current_value": 203.39,
      "profit": 53.39,
      "roi_percent": 35.6
    },
    {
      "date": "2023-03-03",
      "rsi_sma": 44.88,
      "price": 529.76,
      "amount": 150.0,
      "shares": 0.2831,
      "current_value": 191.13,
      "profit": 41.13,
      "roi_percent": 27.42
    },
    {
      "date": "2023-03-17",
      "rsi_sma": 40.88,
      "price": 517.8,
      "amount": 150.0,
      "shares": 0.2897,
      "current_value": 195.55,
      "profit": 45.55,
      "roi_percent": 30.36
    },
    {
      "date": "2023-08-17",
      "rsi_sma": 43.97,
      "price": 573.69,
      "amount": 150.0,
      "shares": 0.2615,
      "current_value": 176.5,
      "profit": 26.5,
      "roi_percent": 17.66
    },
    {
      "date": "2023-10-03",
      "rsi_sma": 33.12,
      "price": 562.05,
      "amount": 150.0,
      "shares": 0.2669,
      "current_value": 180.15,
      "profit": 30.15,
      "roi_percent": 20.1
    },
    {
      "date": "2023-11-03",
      "rsi_sma": 42.37,
      "price": 582.51,
      "amount": 150.0,
      "shares": 0.2575,
      "current_value": 173.82,
      "profit": 23.82,
      "roi_percent": 15.88
    },
    {
      "date": "2024-08-05",
      "rsi_sma": 43.74,
      "price": 707.49,
      "amount": 150.0,
      "shares": 0.212,
      "current_value": 143.12,
      "profit": -6.88,
      "roi_percent": -4.59
    },
    {
      "date": "2025-03-03",
      "rsi_sma": 41.52,
      "price": 835.7,
      "amount": 150.0,
      "shares": 0.1795,
      "current_value": 121.16,
      "profit": -28.84,
      "roi_percent": -19.23
    },
    {
      "date": "2025-03-17",
      "rsi_sma": 33.35,
      "price": 807.87,
      "amount": 150.0,
      "shares": 0.1857,
      "current_value": 125.33,
      "profit": -24.67,
      "roi_percent": -16.44
    },
    {
      "date": "2025-04-03",
      "rsi_sma": 41.33,
      "price": 758.65,
      "amount": 150.0,
      "shares": 0.1977,
      "current_value": 133.47,
      "profit": -16.53,
      "roi_percent": -11.02
    },
    {
      "date": "2025-04-17",
      "rsi_sma": 44.28,
      "price": 725.43,
      "amount": 150.0,
      "shares": 0.2068,
      "current_value": 139.58,
      "profit": -10.42,
      "roi_percent": -6.95
    }
  ]
}