date,weekday,close,rsi,rsi_sma,rsi_rainy,sma_rainy,both_rainy,only_rsi,only_sma,neither
2003-01-15,Wednesday,60.694129943847656,,,False,False,False,False,False,True
2003-02-03,Monday,56.641319274902344,26.77623222577735,25.10007868066619,True,True,True,False,False,False
2003-03-03,Monday,55.23558807373047,50.29970645353821,47.398966645898966,False,False,False,False,False,True
2003-03-17,Monday,57.00258255004883,57.18725606406661,43.55855798203078,False,True,False,False,True,False
2003-04-01,Tuesday,56.744388580322266,65.63611971491255,64.28566419154218,False,False,False,False,False,True
2003-04-15,Tuesday,59.210960388183594,61.499039771870684,52.17124091666354,False,False,False,False,False,True
2003-05-01,Thursday,60.609134674072266,67.5743389278078,65.10269078282768,False,False,False,False,False,True
2003-05-15,Thursday,62.72615432739258,76.18065851870838,67.8639606776668,False,False,False,False,False,True
2003-06-02,Monday,64.20344543457031,63.7069977171588,59.964308236126875,False,False,False,False,False,True
2003-06-16,Monday,67.04594421386719,76.84415586348328,79.49377067293197,False,False,False,False,False,True
2003-07-01,Tuesday,65.2164306640625,43.44757124279424,47.30269289554152,True,False,False,True,False,False
2003-07-15,Tuesday,66.5269546508789,57.953657565750675,51.88781594297874,False,False,False,False,False,True
2003-08-01,Friday,65.20318603515625,39.00992675338786,45.73832250139893,True,False,False,True,False,False
2003-08-15,Friday,65.93788146972656,48.52185071728496,48.18212756443365,False,False,False,False,False,True
2003-09-15,Monday,67.57275390625,64.43804780630924,65.75365202185422,False,False,False,False,False,True
2003-10-01,Wednesday,67.82552337646484,50.83956562061704,42.97820969222299,False,True,False,False,True,False
2003-10-15,Wednesday,69.7590103149414,78.00216544490608,61.02666528205868,False,False,False,False,False,True
2003-11-03,Monday,70.4234619140625,55.02792041798838,52.85264221278823,False,False,False,False,False,True
2003-11-17,Monday,69.71915435791016,49.06958038833216,61.8470975825794,False,False,False,False,False,True
2003-12-01,Monday,71.4931869506836,62.871954735124255,49.61970581430934,False,False,False,False,False,True
2003-12-15,Monday,71.4931869506836,64.05619652080068,66.480299368113,False,False,False,False,False,True
2004-01-15,Thursday,75.95661926269531,77.51349586318346,81.3155643526353,False,False,False,False,False,True
2004-02-02,Monday,76.08344268798828,54.42744033419328,59.45782779005507,False,False,False,False,False,True
2004-03-01,Monday,77.5454330444336,61.79749310193724,58.38890817541552,False,False,False,False,False,True
2004-03-15,Monday,74.2342758178711,36.069669369931376,40.1444254740725,True,True,True,False,False,False
2004-04-01,Thursday,76.2228775024414,57.394567567139006,44.731730462650546,False,True,False,False,True,False
2004-04-15,Thursday,75.67355346679688,62.499800263506906,68.95877947280536,False,False,False,False,False,True
2004-05-03,Monday,75.13092803955078,45.00920636520691,42.21395090258496,False,True,False,False,True,False
2004-05-17,Monday,73.08769989013672,28.96428127173968,33.604519593618036,True,True,True,False,False,False
2004-06-01,Tuesday,75.50608825683594,71.63734024202626,55.812916561126094,False,False,False,False,False,True
2004-06-15,Tuesday,76.38367462158203,67.77263105170607,73.7766294686793,False,False,False,False,False,True
2004-07-01,Thursday,75.93637084960938,43.99402755059649,53.660911038200815,True,False,False,True,False,False
2004-07-15,Thursday,74.49750518798828,25.24138427562805,35.46225044734995,True,True,True,False,False,False
2004-08-02,Monday,74.67902374267578,45.52647337755629,38.48330383156589,False,True,False,False,True,False
2004-08-16,Monday,72.81660461425781,42.47713710304971,38.73261094984726,True,True,True,False,False,False
2004-09-01,Wednesday,74.84713745117188,79.40416280353456,68.15408772175965,False,False,False,False,False,True
2004-09-15,Wednesday,75.84223175048828,62.24806290272738,70.4279109781335,False,False,False,False,False,True
2004-10-01,Friday,76.7318115234375,53.6858328364982,46.05193889552042,False,False,False,False,False,True
2004-10-15,Friday,75.11814880371094,52.636923591091325,51.26212485803046,False,False,False,False,False,True
2004-11-01,Monday,76.63728332519531,54.95958559652849,43.306814234224774,False,True,False,False,True,False
2004-11-15,Monday,80.3991928100586,94.9894236745215,86.47506393269325,False,False,False,False,False,True
2004-12-01,Wednesday,80.73775482177734,65.87667508787347,64.71997300068992,False,False,False,False,False,True
2004-12-15,Wednesday,81.85507202148438,69.8045190341543,61.96319130113385,False,False,False,False,False,True
2005-01-03,Monday,81.84716033935547,55.103609186011894,70.08706481898119,False,False,False,False,False,True
2005-02-01,Tuesday,80.90142822265625,54.30957900464566,43.42189936058515,False,True,False,False,True,False
2005-02-15,Tuesday,82.41181182861328,78.59287492477334,70.73947927486913,False,False,False,False,False,True
2005-03-01,Tuesday,82.4798355102539,55.029572056728796,55.199927060707566,False,False,False,False,False,True
2005-03-15,Tuesday,81.73827362060547,53.53854257959593,55.48196360442358,False,False,False,False,False,True
2005-04-01,Friday,80.20832061767578,35.49749232990082,27.913480411376806,True,True,True,False,False,False
2005-04-15,Friday,77.96795654296875,36.23681242927628,48.91812811974824,True,False,False,True,False,False
2005-05-02,Monday,79.50477600097656,42.83927802634754,40.57057817359908,True,True,True,False,False,False
2005-05-16,Monday,79.77799987792969,57.40745337503516,56.22080386280994,False,False,False,False,False,True
2005-06-01,Wednesday,82.30522155761719,68.27341723965644,64.54266176469608,False,False,False,False,False,True
2005-06-15,Wednesday,82.70819091796875,64.84033042977183,61.917700530226604,False,False,False,False,False,True
2005-07-01,Friday,81.97219848632812,45.68782767943976,48.33277928429396,False,False,False,False,False,True
2005-07-15,Friday,84.24211883544922,74.24551164331295,56.657248078931154,False,False,False,False,False,True
2005-08-01,Monday,84.79763793945312,60.708629023963795,70.49537083789458,False,False,False,False,False,True
2005-08-15,Monday,84.91423034667969,52.96283630200672,51.24679157657936,False,False,False,False,False,True
2005-09-01,Thursday,84.0020980834961,46.62718761807839,39.1106164771857,False,True,False,False,True,False
2005-09-15,Thursday,84.45474243164062,58.82390696164219,59.64004291737667,False,False,False,False,False,True
2005-10-03,Monday,84.43547058105469,45.940701749674375,42.06662553188984,False,True,False,False,True,False
2005-10-17,Monday,82.03186798095703,37.291814515431085,30.92713054900904,True,True,True,False,False,False
2005-11-01,Tuesday,82.98228454589844,60.952533219928796,51.72406719120428,False,False,False,False,False,True
2005-11-15,Tuesday,84.87623596191406,74.90365655969444,72.70910953418748,False,False,False,False,False,True
2005-12-01,Thursday,87.25228118896484,71.39200964309512,81.03093209054428,False,False,False,False,False,True
2005-12-15,Thursday,87.76878356933594,52.32363663541468,58.01847661318253,False,False,False,False,False,True
2006-02-01,Wednesday,88.89176177978516,44.7840910936561,47.02227878765395,True,False,False,True,False,False
2006-02-15,Wednesday,88.76023864746094,54.08556599142024,49.141331679468955,False,False,False,False,False,True
2006-03-01,Wednesday,89.57032775878906,67.60592990164332,63.76041715268392,False,False,False,False,False,True
2006-03-15,Wednesday,90.53270721435547,59.70000547156631,50.70670426940707,False,False,False,False,False,True
2006-04-03,Monday,90.17672729492188,50.61834897307317,62.85734169897184,False,False,False,False,False,True
2006-04-17,Monday,89.4329605102539,39.506057829276436,43.23078820438253,True,True,True,False,False,False
2006-05-01,Monday,90.6424331665039,54.713827415242676,54.71465253223255,False,False,False,False,False,True
2006-05-15,Monday,90.01686096191406,45.337546438663324,56.26075840938825,False,False,False,False,False,True
2006-06-01,Thursday,89.48162841796875,43.14816558794616,32.48675293934796,True,True,True,False,False,False
2006-06-15,Thursday,87.66737365722656,44.92119956429339,44.06572182158537,True,True,True,False,False,False
2006-07-03,Monday,89.22782897949219,72.47524198037007,53.29275526696482,False,False,False,False,False,True
2006-07-17,Monday,86.11393737792969,42.9909153788663,55.06057663344999,True,False,False,True,False,False
2006-08-01,Tuesday,88.82286071777344,54.94498389051462,50.20259293512305,False,False,False,False,False,True
2006-08-15,Tuesday,89.80733489990234,62.569363473759395,62.220927592298345,False,False,False,False,False,True
2006-09-01,Friday,91.7552490234375,83.51440870521337,74.03366236025366,False,False,False,False,False,True
2006-09-15,Friday,92.53749084472656,71.70281993777479,60.46649856908034,False,False,False,False,False,True
2006-10-02,Monday,93.32288360595703,66.3166769268542,70.2115389131832,False,False,False,False,False,True
2006-10-16,Monday,95.9596176147461,81.10831495762166,77.37496947652848,False,False,False,False,False,True
2006-11-01,Wednesday,95.97359466552734,55.492527656838845,75.95447937180582,False,False,False,False,False,True
2006-11-15,Wednesday,98.1895523071289,58.634886240520046,59.87853309695064,False,False,False,False,False,True
2006-12-01,Friday,98.32986450195312,63.02658270070161,65.42693801965301,False,False,False,False,False,True
2006-12-15,Friday,100.37261962890625,83.50762662046347,61.45243299591664,False,False,False,False,False,True
2007-02-01,Thursday,101.9733657836914,64.16240137289924,60.675121115252395,False,False,False,False,False,True
2007-02-15,Thursday,102.81248474121094,74.96617986277636,64.23311826892093,False,False,False,False,False,True
2007-03-01,Thursday,99.08219146728516,32.23004997045766,46.99855802450669,True,False,False,True,False,False
2007-03-15,Thursday,98.34883117675781,34.40331123910967,32.383894880823256,True,True,True,False,False,False
2007-04-02,Monday,100.64330291748047,75.92572158006536,65.38851425807276,False,False,False,False,False,True
2007-04-16,Monday,103.85736846923828,73.5207934100729,70.57396965939931,False,False,False,False,False,True
2007-05-01,Tuesday,105.25212860107422,77.12922270215213,81.30196370794322,False,False,False,False,False,True
2007-05-15,Tuesday,106.5972671508789,56.787583541347935,66.00007499204177,False,False,False,False,False,True
2007-06-01,Friday,109.08213806152344,70.22618626961209,61.658509264211055,False,False,False,False,False,True
2007-06-15,Friday,108.83415985107422,56.51268802878256,46.98757041287444,False,False,False,False,False,True
2007-07-02,Monday,107.92410278320312,59.38515309638672,48.523521405553296,False,False,False,False,False,True
2007-07-16,Monday,110.0855712890625,69.4696281539062,55.577329403006225,False,False,False,False,False,True
2007-08-01,Wednesday,104.11309051513672,27.385974335727994,36.900115577829624,True,True,True,False,False,False
2007-08-15,Wednesday,100.28073120117188,37.702535421722104,37.295564301655155,True,True,True,False,False,False
2007-09-17,Monday,105.30049896240234,53.329626085767906,53.91435954262139,False,False,False,False,False,True
2007-10-01,Monday,110.2292251586914,77.90739226071834,70.57502658996803,False,False,False,False,False,True
2007-10-15,Monday,110.73641204833984,65.08329076388283,70.04941803933977,False,False,False,False,False,True
2007-11-01,Thursday,107.8931884765625,35.97890922899229,41.23915501181209,True,True,True,False,False,False
2007-11-15,Thursday,103.9712142944336,34.10694854655681,38.22919170558583,True,True,True,False,False,False
2007-12-03,Monday,105.49993896484375,57.27331420149016,45.28339734794288,False,False,False,False,False,True
2007-12-17,Monday,103.63541412353516,55.18656073200033,60.63717128099071,False,False,False,False,False,True
2008-01-15,Tuesday,99.23006439208984,20.459458063754596,32.07602486907327,True,True,True,False,False,False
2008-02-01,Friday,100.24268341064453,48.92260855245983,39.33361956928878,False,True,False,False,True,False
2008-02-15,Friday,97.05403900146484,49.738828109432994,52.84593904781979,False,False,False,False,False,True
2008-03-03,Monday,95.87616729736328,49.11916881218991,55.35614480256775,False,False,False,False,False,True
2008-03-17,Monday,92.14170837402344,26.62653629726752,34.867991164750265,True,True,True,False,False,False
2008-04-01,Tuesday,98.59545135498047,58.61484315895093,54.71393416081783,False,False,False,False,False,True
2008-04-15,Tuesday,96.16321563720703,50.164736482480556,57.72848720948701,False,False,False,False,False,True
2008-05-01,Thursday,101.85042572021484,79.67752395466853,61.78557833930235,False,False,False,False,False,True
2008-05-15,Thursday,102.86805725097656,60.98990115262463,57.70341663704486,False,False,False,False,False,True
2008-06-02,Monday,100.24813842773438,43.60617101563549,45.77935035656031,True,False,False,True,False,False
2008-06-16,Monday,98.32117462158203,42.66743136970947,36.52668585537956,True,True,True,False,False,False
2008-07-01,Tuesday,93.1190414428711,30.77880976383679,26.795099545352638,True,True,True,False,False,False
2008-07-15,Tuesday,87.75872802734375,22.95851328681313,23.063312705325046,True,True,True,False,False,False
2008-08-01,Friday,91.50880432128906,58.309252116242284,52.39320072931104,False,False,False,False,False,True
2008-08-15,Friday,94.41741943359375,65.02535208540567,57.11908195043429,False,False,False,False,False,True
2008-09-15,Monday,87.10597229003906,36.10104251621536,40.77551444529919,True,True,True,False,False,False
2008-10-01,Wednesday,84.67012023925781,40.1269759096892,41.62628421359933,True,True,True,False,False,False
2008-10-15,Wednesday,65.67295837402344,26.67165430882649,26.20146715303582,True,True,True,False,False,False
2008-11-03,Monday,70.84537506103516,47.325235342375024,45.94282712891951,False,False,False,False,False,True
2008-11-17,Monday,62.35356903076172,39.54599116632845,47.22593358102447,True,False,False,True,False,False
2008-12-01,Monday,59.9023323059082,40.20851241230828,38.699798698041725,True,True,True,False,False,False
2008-12-15,Monday,64.01689147949219,54.179367316036824,57.44588822053561,False,False,False,False,False,True
2009-01-15,Thursday,62.07281494140625,43.62313796647249,48.28789304774558,True,False,False,True,False,False
2009-02-02,Monday,60.734283447265625,40.20613882950082,34.53305193781998,True,True,True,False,False,False
2009-03-02,Monday,51.92344665527344,14.531515500194004,27.44940102276699,True,True,True,False,False,False
2009-03-16,Monday,55.79196548461914,46.16826933457386,37.48029990032689,False,True,False,False,True,False
2009-04-01,Wednesday,60.043087005615234,62.841780444323526,70.53956318849406,False,False,False,False,False,True
2009-04-15,Wednesday,63.146724700927734,59.21439059288717,59.955807194315085,False,False,False,False,False,True
2009-05-01,Friday,65.10222625732422,56.62815425775708,57.70633542973077,False,False,False,False,False,True
2009-05-15,Friday,65.70963287353516,58.618712227899366,65.26151198565441,False,False,False,False,False,True
2009-06-01,Monday,70.19840240478516,59.92129430741422,50.22550090358895,False,False,False,False,False,True
2009-06-15,Monday,68.81326293945312,56.21108575248739,65.25439541865879,False,False,False,False,False,True
2009-07-01,Wednesday,68.77735900878906,42.20963449949127,39.22032833778155,True,True,True,False,False,False
2009-07-15,Wednesday,69.47013092041016,61.05641411802721,45.156954675026114,False,False,False,False,False,True
2009-08-03,Monday,74.81859588623047,92.48035040414564,91.34493022444022,False,False,False,False,False,True
2009-08-17,Monday,73.23194122314453,51.753138053850904,69.15571924946524,False,False,False,False,False,True
2009-09-01,Tuesday,74.63978576660156,47.56903463559175,58.75744931724589,False,False,False,False,False,True
2009-09-15,Tuesday,78.75167083740234,63.114786784366565,64.91473659848369,False,False,False,False,False,True
2009-10-01,Thursday,77.06854248046875,44.3308504034761,65.97546758951376,True,False,False,True,False,False
2009-10-15,Thursday,82.11317443847656,69.68575158451793,55.99813281118283,False,False,False,False,False,True
2009-11-02,Monday,78.07894134521484,41.099849930108,49.20231908862331,True,False,False,True,False,False
2009-11-16,Monday,83.2358169555664,63.90018050146395,53.48597593122707,False,False,False,False,False,True
2009-12-01,Tuesday,83.30320739746094,57.506680818845545,66.27447097203272,False,False,False,False,False,True
2009-12-15,Tuesday,83.340576171875,51.8630879395235,50.558186887410905,False,False,False,False,False,True
2010-01-15,Friday,85.51248168945312,56.87220245403195,70.86628385059996,False,False,False,False,False,True
2010-02-01,Monday,82.06610107421875,32.870274790407606,33.79518247696706,True,True,True,False,False,False
2010-03-01,Monday,84.19562530517578,81.25061388991277,64.25846573659928,False,False,False,False,False,True
2010-03-15,Monday,86.9045639038086,97.492018440243,82.59121381421751,False,False,False,False,False,True
2010-04-01,Thursday,89.00785827636719,71.40217122474343,74.62445688135043,False,False,False,False,False,True
2010-04-15,Thursday,91.6448745727539,83.42977280828744,72.65115015643129,False,False,False,False,False,True
2010-05-03,Monday,90.93460083007812,51.66890258524034,55.34197163950305,False,False,False,False,False,True
2010-05-17,Monday,86.0988540649414,41.12808367683201,38.62395010714539,True,True,True,False,False,False
2010-06-01,Tuesday,81.24799346923828,31.30608452095649,34.87072261547895,True,True,True,False,False,False
2010-06-15,Tuesday,84.62545013427734,58.75953029041148,46.8351942545694,False,False,False,False,False,True
2010-07-01,Thursday,78.01326751708984,25.109132590332862,45.35617662024922,True,False,False,True,False,False
2010-07-15,Thursday,83.26679992675781,58.296736053927866,43.598761406097545,False,True,False,False,True,False
2010-08-02,Monday,85.60504150390625,60.64544449973807,65.44394121944022,False,False,False,False,False,True
2010-08-16,Monday,82.18875122070312,35.00459880467723,53.41036106489471,True,False,False,True,False,False
2010-09-01,Wednesday,82.34059143066406,49.37550256998322,27.65969910606655,False,True,False,False,True,False
2010-09-15,Wednesday,85.84796905517578,74.96509000699254,63.31240412650345,False,False,False,False,False,True
2010-10-01,Friday,87.47534942626953,65.02110961443148,70.96529614196943,False,False,False,False,False,True
2010-10-15,Friday,89.83374786376953,73.0203881736517,68.22228589513374,False,False,False,False,False,True
2010-11-01,Monday,90.46727752685547,62.21871514574902,67.40865497033546,False,False,False,False,False,True
2010-11-15,Monday,91.61213684082031,57.844476394443895,73.70450071928848,False,False,False,False,False,True
2010-12-01,Wednesday,92.3601303100586,46.269632970527624,41.96288461172133,False,True,False,False,True,False
2010-12-15,Wednesday,94.7185287475586,70.65708410193635,69.77354137948882,False,False,False,False,False,True
2011-01-03,Monday,97.48008728027344,81.1941913597068,81.8765674821906,False,False,False,False,False,True
2011-02-01,Tuesday,100.31126403808594,64.84292159501445,63.258537637621416,False,False,False,False,False,True
2011-02-15,Tuesday,102.05293273925781,67.00605429729546,69.32637545485173,False,False,False,False,False,True
2011-03-01,Tuesday,100.45703125,42.832122092391565,57.52323855236262,True,False,False,True,False,False
2011-03-15,Tuesday,98.63866424560547,42.350692389558716,42.82006780628043,True,True,True,False,False,False
2011-04-01,Friday,102.60413360595703,63.800952245222916,54.20026567856237,False,False,False,False,False,True
2011-04-15,Friday,101.748779296875,59.04445394351134,65.6996377845304,False,False,False,False,False,True
2011-05-02,Monday,104.96985626220703,69.95754842412057,61.13823641689028,False,False,False,False,False,True
2011-05-16,Monday,102.63497924804688,42.509302881807514,58.510514608627645,True,False,False,True,False,False
2011-06-01,Wednesday,101.6177749633789,39.93726246648752,41.71285258988105,True,True,True,False,False,False
2011-06-15,Wednesday,97.88040924072266,32.99557634488835,32.05946751510351,True,True,True,False,False,False
2011-07-01,Friday,103.70911407470703,70.49988177097062,55.21619239526857,False,False,False,False,False,True
2011-07-15,Friday,101.98219299316406,66.44205746454938,65.73935161709376,False,False,False,False,False,True
2011-08-01,Monday,99.72863006591797,40.0153782847806,42.923204048332614,True,True,True,False,False,False
2011-08-15,Monday,93.4094467163086,34.56394219828296,24.173171700458653,True,True,True,False,False,False
2011-09-01,Thursday,93.65727996826172,55.617484249723184,55.44701446908146,False,False,False,False,False,True
2011-09-15,Thursday,94.03675079345703,60.57503315647185,55.68655721307925,False,False,False,False,False,True
2011-10-03,Monday,85.5714340209961,36.73587681344589,44.781230454071974,True,True,True,False,False,False
2011-10-17,Monday,93.58914947509766,55.0850921363653,56.02911434265985,False,False,False,False,False,True
2011-11-01,Tuesday,94.96696472167969,52.27692836135211,67.76763893763781,False,False,False,False,False,True
2011-11-15,Tuesday,98.14288330078125,53.13154387968779,54.5757885916192,False,False,False,False,False,True
2011-12-01,Thursday,97.27882385253906,51.4398819173065,38.96543184445777,False,True,False,False,True,False
2011-12-15,Thursday,95.10704040527344,64.39845307114288,59.84885815094808,False,False,False,False,False,True
2012-02-01,Wednesday,103.77095031738281,70.2601490220878,73.67281913528636,False,False,False,False,False,True
2012-02-15,Wednesday,105.40816497802734,67.67870932759061,71.60837189493725,False,False,False,False,False,True
2012-03-01,Thursday,107.89138793945312,64.9431978679243,68.11703611208804,False,False,False,False,False,True
2012-03-15,Thursday,110.23365020751953,67.0259906859854,60.71465179113322,False,False,False,False,False,True
2012-04-02,Monday,111.5979232788086,63.66365600930903,71.14338876055899,False,False,False,False,False,True
2012-04-16,Monday,107.82919311523438,33.18568692764373,39.80957761894031,True,True,True,False,False,False
2012-05-01,Tuesday,110.73245239257812,64.0602227366349,50.77540752061845,False,False,False,False,False,True
2012-05-15,Tuesday,104.9102554321289,22.79083780519376,38.52118545460644,True,True,True,False,False,False
2012-06-01,Friday,100.83466339111328,27.048523108432846,30.424155290183194,True,True,True,False,False,False
2012-06-15,Friday,106.08651733398438,57.19163813884182,53.46902567394962,False,False,False,False,False,True
2012-07-02,Monday,107.9608154296875,62.196185883022515,58.539693262512,False,False,False,False,False,True
2012-07-16,Monday,107.10670471191406,65.39308386294906,53.5445796598628,False,False,False,False,False,True
2012-08-01,Wednesday,108.8149642944336,64.06877560972688,54.29279634617405,False,False,False,False,False,True
2012-08-15,Wednesday,111.47232055664062,76.55581578566566,71.03546435593478,False,False,False,False,False,True
2012-09-17,Monday,116.05137634277344,74.39006070434414,68.19716512520831,False,False,False,False,False,True
2012-10-01,Monday,114.7706069946289,56.645553531330755,64.27786854367498,False,False,False,False,False,True
2012-10-15,Monday,114.55596923828125,49.89579532903187,42.793150822179555,False,True,False,False,True,False
2012-11-01,Thursday,113.56216430664062,47.96404138436502,36.6433432727568,False,True,False,False,True,False
2012-11-15,Thursday,107.89315795898438,28.47914353810681,26.89455474765631,True,True,True,False,False,False
2012-12-03,Monday,112.46488952636719,63.52034883958128,56.28962282451055,False,False,False,False,False,True
2012-12-17,Monday,114.3094711303711,71.3395875994095,70.54508049586079,False,False,False,False,False,True
2013-01-15,Tuesday,117.76262664794922,69.86515608546023,62.95699191206483,False,False,False,False,False,True
2013-02-01,Friday,121.1016616821289,81.1649229945397,84.20225358018664,False,False,False,False,False,True
2013-02-15,Friday,121.79827880859375,62.46938083773328,65.00184831836765,False,False,False,False,False,True
2013-03-01,Friday,121.79827880859375,51.21377441463812,50.881134603072375,False,False,False,False,False,True
2013-03-15,Friday,125.33195495605469,90.72321059249609,68.25400792765716,False,False,False,False,False,True
2013-04-01,Monday,125.50885772705078,53.75724977739273,61.14133531800496,False,False,False,False,False,True
2013-04-15,Monday,124.76087188720703,50.601509412682454,58.32272527563822,False,False,False,False,False,True
2013-05-01,Wednesday,127.30242156982422,47.343761334733976,55.033121032520405,False,False,False,False,False,True
2013-05-15,Wednesday,133.60806274414062,81.98725130014222,81.6116401703044,False,False,False,False,False,True
2013-06-03,Monday,132.1844482421875,53.10817874339161,61.95918098179605,False,False,False,False,False,True
2013-06-17,Monday,132.2568359375,45.20127809288493,42.31318760246376,False,True,False,False,True,False
2013-07-01,Monday,130.4663543701172,47.97873150603369,43.4461844752936,False,True,False,False,True,False
2013-07-15,Monday,135.9563446044922,93.62702009253375,66.53049721735667,False,False,False,False,False,True
2013-08-01,Thursday,137.9857635498047,71.25498545749053,75.01469907111267,False,False,False,False,False,True
2013-08-15,Thursday,134.5252227783203,35.913341032717184,49.64696643863863,True,False,False,True,False,False
2013-09-16,Monday,137.70281982421875,68.59365255635143,62.53526615997027,False,False,False,False,False,True
2013-10-01,Tuesday,137.58590698242188,53.35319628776593,63.89977923791681,False,False,False,False,False,True
2013-10-15,Tuesday,137.87838745117188,51.96904655454671,41.73717085767907,False,True,False,False,True,False
2013-11-01,Friday,143.16769409179688,71.61606902129954,76.82872246440887,False,False,False,False,False,True
2013-11-15,Friday,146.28756713867188,64.80638957355768,60.493111334946704,False,False,False,False,False,True
2013-12-02,Monday,146.67758178710938,68.59898019808445,68.68064222416895,False,False,False,False,False,True
2013-12-16,Monday,145.61322021484375,42.602000599076156,49.288487973198485,True,False,False,True,False,False
2014-01-15,Wednesday,150.84768676757812,57.607783157192635,64.65085399882338,False,False,False,False,False,True
2014-02-03,Monday,142.27845764160156,31.800551512137787,34.78735253083179,True,True,True,False,False,False
2014-03-03,Monday,151.10903930664062,73.46494941370698,82.06681654847539,False,False,False,False,False,True
2014-03-17,Monday,152.21194458007812,56.52956150905712,63.47032399862049,False,False,False,False,False,True
2014-04-01,Tuesday,154.4590606689453,55.80209111906284,45.981194811203295,False,False,False,False,False,True
2014-04-15,Tuesday,151.13600158691406,48.098686294947676,44.511562214678534,False,True,False,False,True,False
2014-05-01,Thursday,154.52468872070312,70.79678985969102,54.74868079863756,False,False,False,False,False,True
2014-05-15,Thursday,153.76162719726562,55.31103458708167,57.79004395959348,False,False,False,False,False,True
2014-06-02,Monday,158.27435302734375,64.27907866335147,64.15376969646705,False,False,False,False,False,True
2014-06-16,Monday,159.4148406982422,68.79160253337034,81.54203611784305,False,False,False,False,False,True
2014-07-01,Tuesday,162.43765258789062,67.37576496279931,62.457586286027684,False,False,False,False,False,True
2014-07-15,Tuesday,162.60264587402344,63.706127818116556,61.104322363362066,False,False,False,False,False,True
2014-08-01,Friday,158.7029571533203,30.969721999306614,47.20740837921878,True,False,False,True,False,False
2014-08-15,Friday,161.35765075683594,43.0851508931516,35.48670495289751,True,True,True,False,False,False
2014-09-15,Monday,164.0452880859375,40.43897514446843,60.6013744243843,True,False,False,True,False,False
2014-10-01,Wednesday,160.97714233398438,35.14623862776277,42.87566261447008,True,True,True,False,False,False
2014-10-15,Wednesday,154.41717529296875,29.947320235709512,32.7868973595974,True,True,True,False,False,False
2014-11-03,Monday,167.12306213378906,83.77395001981094,65.50603420397955,False,False,False,False,False,True
2014-11-17,Monday,169.27655029296875,85.47676800463192,86.66838523438915,False,False,False,False,False,True
2014-12-01,Monday,170.4279022216797,62.8242189677553,82.44952477640159,False,False,False,False,False,True
2014-12-15,Monday,165.2511749267578,25.490383427755106,47.04638113522334,True,False,False,True,False,False
2015-01-15,Thursday,165.75509643554688,30.81981407437989,44.4383992672946,True,True,True,False,False,False
2015-02-02,Monday,168.17031860351562,48.50939771438489,48.33822352260146,False,False,False,False,False,True
2015-03-02,Monday,176.55718994140625,86.72613943249158,81.748321978639,False,False,False,False,False,True
2015-03-16,Monday,173.7171630859375,41.39582961203855,36.19879934506492,True,True,True,False,False,False
2015-04-01,Wednesday,172.0833282470703,48.83446732120299,49.94413799055815,False,False,False,False,False,True
2015-04-15,Wednesday,176.040283203125,66.98171524384097,51.752342480987274,False,False,False,False,False,True
2015-05-01,Friday,176.28292846679688,55.5032821409658,59.623490912461,False,False,False,False,False,True
2015-05-15,Friday,177.7218017578125,54.77962902252468,51.73239117709944,False,False,False,False,False,True
2015-06-01,Monday,176.99398803710938,54.21792956653865,58.05358919441346,False,False,False,False,False,True
2015-06-15,Monday,174.9359893798828,44.29271754529766,38.62002021491933,True,True,True,False,False,False
2015-07-01,Wednesday,174.43350219726562,40.88214479086285,49.05503105005727,True,False,False,True,False,False
2015-07-15,Wednesday,177.0479278564453,50.29042535053153,42.10201758525197,False,True,False,False,True,False
2015-08-03,Monday,176.35850524902344,46.55266954049654,55.95890161123433,False,False,False,False,False,True
2015-08-17,Monday,177.03102111816406,54.96036028052944,47.8259925260039,False,False,False,False,False,True
2015-09-01,Tuesday,161.21017456054688,30.95699641203437,29.537276647832332,True,True,True,False,False,False
2015-09-15,Tuesday,166.8341064453125,64.39414281157931,45.941866886691464,False,False,False,False,False,True
2015-10-01,Thursday,162.35252380371094,41.890489424858735,42.864157166498266,True,True,True,False,False,False
2015-10-15,Thursday,170.9885711669922,69.0000628396138,63.009588747438826,False,False,False,False,False,True
2015-11-02,Monday,177.7824249267578,76.74083047849801,73.2060495419993,False,False,False,False,False,True
2015-11-16,Monday,173.75173950195312,47.41283476503284,55.69650878872667,False,False,False,False,False,True
2015-12-01,Tuesday,178.02748107910156,56.198850664532166,48.92149891629329,False,False,False,False,False,True
2015-12-15,Tuesday,173.2531280517578,41.059576910658556,43.48940065376455,True,True,True,False,False,False
2016-01-15,Friday,159.64646911621094,22.60035879089999,28.42594608716868,True,True,True,False,False,False
2016-02-01,Monday,164.6107940673828,52.244807176014355,39.62911280349742,False,True,False,False,True,False
2016-03-01,Tuesday,168.4019775390625,72.27686801899509,60.06151530238357,False,False,False,False,False,True
2016-03-15,Tuesday,171.85316467285156,74.25625114071912,70.5882949293762,False,False,False,False,False,True
2016-04-01,Friday,176.79803466796875,74.82447136811739,73.55903798987201,False,False,False,False,False,True
2016-04-15,Friday,177.5328826904297,63.07618714509094,56.37522172738995,False,False,False,False,False,True
2016-05-02,Monday,177.69520568847656,58.8899042780583,63.554766580166735,False,False,False,False,False,True
2016-05-16,Monday,176.6784210205078,43.85056869615553,39.24812000511167,True,True,True,False,False,False
2016-06-01,Wednesday,179.6603546142578,63.454557042702355,58.38205830061637,False,False,False,False,False,True
2016-06-15,Wednesday,177.5072479248047,42.17025811251227,67.72799416747843,True,False,False,True,False,False
2016-07-01,Friday,180.2940673828125,54.45749346167998,42.3394485621779,False,True,False,False,True,False
2016-07-15,Friday,185.37001037597656,76.46085796070226,61.028267173347444,False,False,False,False,False,True
2016-08-01,Monday,186.3233184814453,64.82845538357259,76.44971713161473,False,False,False,False,False,True
2016-08-15,Monday,188.16989135742188,65.27412479067804,60.66198978900817,False,False,False,False,False,True
2016-09-01,Thursday,186.7098846435547,42.53899978195802,48.14118999257514,True,False,False,True,False,False
2016-09-15,Thursday,184.89761352539062,43.36625466304337,40.61548347924353,True,True,True,False,False,False
2016-10-03,Monday,186.26318359375,61.12539829755624,50.23069785031669,False,False,False,False,False,True
2016-10-17,Monday,183.3282928466797,38.43334666502585,45.845619643565996,True,False,False,True,False,False
2016-11-01,Tuesday,182.1457061767578,34.589330648204395,40.99850330525677,True,True,True,False,False,False
2016-11-15,Tuesday,188.4211883544922,64.24074601856175,56.04674149020441,False,False,False,False,False,True
2016-12-01,Thursday,189.5347900390625,62.97753801086569,79.49147163753234,False,False,False,False,False,True
2016-12-15,Thursday,195.78439331054688,68.45779981743271,75.21643224303803,False,False,False,False,False,True
2017-02-01,Wednesday,197.6417236328125,52.5493168857571,58.80205082263566,False,False,False,False,False,True
2017-02-15,Wednesday,203.98031616210938,77.92145778838895,71.52788670875212,False,False,False,False,False,True
2017-03-01,Wednesday,208.20018005371094,91.6929082954133,92.17876000509503,False,False,False,False,False,True
2017-03-15,Wednesday,207.47952270507812,60.16193179796945,59.179183835149125,False,False,False,False,False,True
2017-04-03,Monday,205.22525024414062,47.543176438779824,44.84846759474477,False,True,False,False,True,False
2017-04-17,Monday,204.5625,54.56307220137118,49.759044721043324,False,False,False,False,False,True
2017-05-01,Monday,208.1466827392578,61.8437445710173,58.53784350218035,False,False,False,False,False,True
2017-05-15,Monday,209.5594024658203,64.6572796923636,74.00188643618795,False,False,False,False,False,True
2017-06-01,Thursday,212.22792053222656,63.838693074174074,58.032867093428685,False,False,False,False,False,True
2017-06-15,Thursday,212.5855255126953,64.41845461779641,78.25937311676998,False,False,False,False,False,True
2017-07-03,Monday,212.255126953125,45.28874169170536,49.80620274583108,False,False,False,False,False,True
2017-07-17,Monday,215.16453552246094,57.32026247925909,51.59752097334201,False,False,False,False,False,True
2017-08-01,Tuesday,216.73321533203125,81.52265476277336,82.86440867059484,False,False,False,False,False,True
2017-08-15,Tuesday,216.02333068847656,45.228143818568675,47.045373784073334,False,False,False,False,False,True
2017-09-01,Friday,217.18887329101562,55.1100221070859,48.286530302016885,False,False,False,False,False,True
2017-09-15,Friday,219.45565795898438,78.6826074076092,73.05619282700833,False,False,False,False,False,True
2017-10-02,Monday,222.21218872070312,79.0898736798509,77.22343766623726,False,False,False,False,False,True
2017-10-16,Monday,224.82778930664062,87.00756425903096,81.87996672702927,False,False,False,False,False,True
2017-11-01,Wednesday,226.7652587890625,65.3062363910446,63.42958339724554,False,False,False,False,False,True
2017-11-15,Wednesday,225.8405303955078,54.5961863065212,61.18227299847775,False,False,False,False,False,True
2017-12-01,Friday,232.903564453125,73.06294867902372,65.41174465701191,False,False,False,False,False,True
2017-12-15,Friday,235.90866088867188,77.60486357190153,78.10321212163653,False,False,False,False,False,True
2018-02-01,Thursday,249.24822998046875,64.52102122478021,77.76676639054358,False,False,False,False,False,True
2018-02-15,Thursday,241.6799774169922,37.688626539734166,32.63342183142305,True,True,True,False,False,False
2018-03-01,Thursday,236.96205139160156,63.76059654409208,52.66943045366294,False,False,False,False,False,True
2018-03-15,Thursday,243.423828125,50.506422553053646,56.59148719901139,False,False,False,False,False,True
2018-04-02,Monday,228.8194580078125,26.382977165710784,33.38259617071422,True,True,True,False,False,False
2018-04-16,Monday,237.5821990966797,52.75300283644393,46.871259543426085,False,False,False,False,False,True
2018-05-01,Tuesday,235.4937744140625,52.81111438147413,54.40131035813055,False,False,False,False,False,True
2018-05-15,Tuesday,240.93272399902344,68.62842820161725,58.09770909128052,False,False,False,False,False,True
2018-06-01,Friday,243.15451049804688,51.88714786633048,61.91819779459327,False,False,False,False,False,True
2018-06-15,Friday,247.39767456054688,66.93685377006781,65.19120702926155,False,False,False,False,False,True
2018-07-02,Monday,242.69305419921875,31.08501332573981,34.81460950922612,True,True,True,False,False,False
2018-07-16,Monday,249.37049865722656,71.56171119894225,57.45164877291516,False,False,False,False,False,True
2018-08-01,Wednesday,250.7274627685547,55.39483488003089,66.72151639175674,False,False,False,False,False,True
2018-08-15,Wednesday,251.5487518310547,45.50690790510098,57.77189697631262,False,False,False,False,False,True
2018-09-17,Monday,258.29766845703125,47.88857613395534,61.29237658778915,False,False,False,False,False,True
2018-10-01,Monday,261.61016845703125,66.87089501029311,64.19476516313047,False,False,False,False,False,True
2018-10-15,Monday,246.0693817138672,20.730800183495063,27.43550385101633,True,True,True,False,False,False
2018-11-01,Thursday,245.27130126953125,47.18625760862015,34.83278808782096,False,True,False,False,True,False
2018-11-15,Thursday,244.8319091796875,60.834044511779986,54.538333412359854,False,False,False,False,False,True
2018-12-03,Monday,250.46348571777344,59.49753242237552,44.42023849881823,False,True,False,False,True,False
2018-12-17,Monday,228.99525451660156,35.09328722285345,43.857262716896976,True,True,True,False,False,False
2019-01-15,Tuesday,234.8334197998047,81.1496745500752,60.641040401752754,False,False,False,False,False,True
2019-02-01,Friday,243.59176635742188,71.16094777101672,72.49648856638596,False,False,False,False,False,True
2019-02-15,Friday,250.18524169921875,81.7252902127767,71.17267145946373,False,False,False,False,False,True
2019-03-01,Friday,252.93637084960938,83.54750652215823,75.16002366810417,False,False,False,False,False,True
2019-03-15,Friday,254.8567657470703,58.914817451742834,53.1555638796008,False,False,False,False,False,True
2019-04-01,Monday,258.9516906738281,65.79878476838428,60.193243360667815,False,False,False,False,False,True
2019-04-15,Monday,262.7024841308594,78.94130399340821,69.94795718213034,False,False,False,False,False,True
2019-05-01,Wednesday,264.36944580078125,65.22593091229112,73.61520809158999,False,False,False,False,False,True
2019-05-15,Wednesday,258.254150390625,37.477445510162944,38.67044653939888,True,True,True,False,False,False
2019-06-03,Monday,248.75062561035156,38.72340348438284,35.46629197647524,True,True,True,False,False,False
2019-06-17,Monday,262.1588134765625,69.45167152169911,59.34622703981915,False,False,False,False,False,True
2019-07-01,Monday,269.16015625,73.01205776227903,77.0677409817921,False,False,False,False,False,True
2019-07-15,Monday,273.79388427734375,70.4195845937302,69.77352842004976,False,False,False,False,False,True
2019-08-01,Thursday,268.4136962890625,36.00016155088853,53.89433572362257,True,False,False,True,False,False
2019-08-15,Thursday,259.136962890625,31.695344201105627,36.8982594936228,True,True,True,False,False,False
2019-09-16,Monday,273.2568359375,79.65824264772012,68.55980833333781,False,False,False,False,False,True
2019-10-01,Tuesday,268.1899108886719,32.197123176661265,53.76187722405515,True,False,False,True,False,False
2019-10-15,Tuesday,273.3481140136719,51.778653892350945,42.50789531558916,False,True,False,False,True,False
2019-11-01,Friday,279.9879150390625,79.06514588536274,76.04765299001505,False,False,False,False,False,True
2019-11-15,Friday,285.15521240234375,84.93844045490623,84.89708783623739,False,False,False,False,False,True
2019-12-02,Monday,285.01800537109375,61.36804918206681,73.43106339892066,False,False,False,False,False,True
2019-12-16,Monday,292.20660400390625,64.82823749717497,60.4126102241061,False,False,False,False,False,True
2020-01-15,Wednesday,301.6300048828125,67.14270992984483,67.98885764107222,False,False,False,False,False,True
2020-02-03,Monday,297.8894348144531,42.99821894474601,52.592659388468796,True,False,False,True,False,False
2020-03-02,Monday,284.07568359375,29.03474853058553,32.73073897766862,True,True,True,False,False,False
2020-03-16,Monday,220.43922424316406,31.285383006494214,28.67222132753306,True,True,True,False,False,False
2020-04-01,Wednesday,227.55966186523438,49.84311694858324,42.219948895884635,False,True,False,False,True,False
2020-04-15,Wednesday,256.7823486328125,65.18882570063597,66.04336318035921,False,False,False,False,False,True
2020-05-01,Friday,261.43243408203125,55.09933490272146,64.31437281627271,False,False,False,False,False,True
2020-05-15,Friday,264.6588439941406,49.204313515755466,56.17334849247952,False,False,False,False,False,True
2020-06-01,Monday,282.4734802246094,64.144797338541,64.32183175802818,False,False,False,False,False,True
2020-06-15,Monday,283.8602294921875,57.12752315028021,72.225396417868,False,False,False,False,False,True
2020-07-01,Wednesday,288.3314208984375,61.72331168291878,44.464068153836344,False,True,False,False,True,False
2020-07-15,Wednesday,298.8518371582031,68.49999212587103,57.29220354478438,False,False,False,False,False,True
2020-08-03,Monday,305.2959289550781,66.24994588978834,62.53547866571976,False,False,False,False,False,True
2020-08-17,Monday,313.76422119140625,82.41688581808184,72.13687985288543,False,False,False,False,False,True
2020-09-01,Tuesday,327.4046325683594,84.86676805577812,80.87044317431152,False,False,False,False,False,True
2020-09-15,Tuesday,315.8628234863281,46.67351996674101,48.15424089143796,False,False,False,False,False,True
2020-10-01,Thursday,314.2091979980469,54.59117094307846,42.5426267125377,False,True,False,False,True,False
2020-10-15,Thursday,323.960693359375,69.41867978688674,67.68535653634832,False,False,False,False,False,True
2020-11-02,Monday,307.8324890136719,26.679113053230893,38.025492414893996,True,True,True,False,False,False
2020-11-16,Monday,338.0097961425781,69.48935655121133,61.241114252504154,False,False,False,False,False,True
2020-12-01,Tuesday,341.2260437011719,64.71002480839016,68.11083028100718,False,False,False,False,False,True
2020-12-15,Tuesday,344.5542297363281,63.58175744623232,66.1742409159353,False,False,False,False,False,True
2021-01-15,Friday,351.74334716796875,60.59445562354649,67.2929215030354,False,False,False,False,False,True
2021-02-01,Monday,352.2395324707031,47.1737837623264,55.80065542739932,False,False,False,False,False,True
2021-03-01,Monday,364.73828125,48.63827305553142,61.21280563756294,False,False,False,False,False,True
2021-03-15,Monday,371.13287353515625,57.26645272698661,48.803045326837534,False,False,False,False,False,True
2021-04-01,Thursday,376.29339599609375,61.377026044118494,62.4512243660282,False,False,False,False,False,True
2021-04-15,Thursday,390.6271057128906,90.92941623627786,81.85507034188686,False,False,False,False,False,True
2021-05-03,Monday,392.81573486328125,58.375278601849296,64.01841926195007,False,False,False,False,False,True
2021-05-17,Monday,390.29840087890625,47.750849880300606,49.402104910175844,False,False,False,False,False,True
2021-06-01,Tuesday,394.1965026855469,57.226127472648436,51.325577404147786,False,False,False,False,False,True
2021-06-15,Tuesday,398.7145080566406,72.7073027703425,73.61058064393451,False,False,False,False,False,True
2021-07-01,Thursday,405.62603759765625,64.19518470869326,61.60045146784896,False,False,False,False,False,True
2021-07-15,Thursday,409.6971435546875,69.88063214525891,75.4326996472569,False,False,False,False,False,True
2021-08-02,Monday,412.37347412109375,52.85384087176638,56.5441554730798,False,False,False,False,False,True
2021-08-16,Monday,421.2129211425781,70.41038151813427,68.18435628798002,False,False,False,False,False,True
2021-09-01,Wednesday,425.7645568847656,61.57040346086033,63.52552839495216,False,False,False,False,False,True
2021-09-15,Wednesday,422.07049560546875,48.01401752440328,57.22522655295892,False,False,False,False,False,True
2021-10-01,Friday,410.5274963378906,39.20063371801465,37.1464901877311,True,True,True,False,False,False
2021-10-15,Friday,421.5224914550781,53.04891574605837,48.67195773468912,False,False,False,False,False,True
2021-11-01,Monday,434.918701171875,92.07016122648503,83.85903139205179,False,False,False,False,False,True
2021-11-15,Monday,441.90509033203125,71.94797590031021,78.15431107176452,False,False,False,False,False,True
2021-12-01,Wednesday,425.89959716796875,34.60806694226018,46.33832887423976,True,False,False,True,False,False
2021-12-15,Wednesday,444.9019775390625,50.730820982823445,49.395815687563825,False,False,False,False,False,True
2022-01-03,Monday,453.2103576660156,62.06496540869993,60.34567675743801,False,False,False,False,False,True
2022-02-01,Tuesday,429.7202453613281,37.43641457337324,23.287628798749285,True,True,True,False,False,False
2022-02-15,Tuesday,423.2215576171875,58.11016794113569,52.900475746128215,False,False,False,False,False,True
2022-03-01,Tuesday,407.92828369140625,37.04890232335528,37.070884725220786,True,True,True,False,False,False
2022-03-15,Tuesday,404.31365966796875,52.51606162046589,41.077575305091294,False,True,False,False,True,False
2022-04-01,Friday,431.02667236328125,77.01512551828822,73.48809610847329,False,False,False,False,False,True
2022-05-02,Monday,394.4447937011719,34.72988678539271,29.85255585912765,True,True,True,False,False,False
2022-05-16,Monday,380.7503356933594,41.49759773731583,33.685989253545564,True,True,True,False,False,False
2022-06-01,Wednesday,389.7911682128906,61.073153862860494,47.99600545235428,False,False,False,False,False,True
2022-06-15,Wednesday,360.8702087402344,39.97355594658527,49.28375740058367,True,False,False,True,False,False
2022-07-01,Friday,364.3787841796875,45.52157633732409,36.414531536493044,False,True,False,False,True,False
2022-07-15,Friday,368.0968017578125,44.22682892495567,57.58376209036665,True,False,False,True,False,False
2022-08-01,Monday,392.6027526855469,74.40492302310764,65.09433215036687,False,False,False,False,False,True
2022-08-15,Monday,409.89263916015625,86.48860119557193,75.34332089375242,False,False,False,False,False,True
2022-09-01,Thursday,378.887451171875,22.190012057586983,39.3680567505682,True,True,True,False,False,False
2022-09-15,Thursday,372.86602783203125,30.482217776837246,35.20962273794963,True,True,True,False,False,False
2022-10-03,Monday,351.8352355957031,31.43422392594077,27.479777388450938,True,True,True,False,False,False
2022-10-17,Monday,352.0367431640625,51.918823416311305,41.52551532216865,False,True,False,False,True,False
2022-11-01,Tuesday,369.0234069824219,68.65001760496163,61.65751008441822,False,False,False,False,False,True
2022-11-15,Tuesday,382.4303894042969,60.412219676266474,59.22414305257386,False,False,False,False,False,True
2022-12-01,Thursday,390.962158203125,63.84477894453456,68.1606604412,False,False,False,False,False,True
2022-12-15,Thursday,373.927490234375,39.614029339179325,48.51104302526198,True,False,False,True,False,False
2023-02-01,Wednesday,396.0545959472656,66.59422422185676,69.42835259183211,False,False,False,False,False,True
2023-02-15,Wednesday,399.1205139160156,59.25039543534688,63.22537917637799,False,False,False,False,False,True
2023-03-01,Wednesday,380.5710754394531,28.505731200618527,33.7267318639117,True,True,True,False,False,False
2023-03-15,Wednesday,375.3070983886719,38.04123080362014,34.21933502123177,True,True,True,False,False,False
2023-04-03,Monday,397.7113952636719,70.62742592735677,59.408268476898414,False,False,False,False,False,True
2023-04-17,Monday,400.6050720214844,77.88444580606865,75.16322120683708,False,False,False,False,False,True
2023-05-01,Monday,402.12445068359375,58.72247357330024,53.26280233889816,False,False,False,False,False,True
2023-05-15,Monday,399.7049865722656,59.092014834109186,50.26570188451744,False,False,False,False,False,True
2023-06-01,Thursday,408.231201171875,62.89591013167349,59.2835009796774,False,False,False,False,False,True
2023-06-15,Thursday,428.341796875,87.55719206959233,73.9930695335408,False,False,False,False,False,True
2023-07-03,Monday,431.0888366699219,67.1633753746939,65.0475576840711,False,False,False,False,False,True
2023-07-17,Monday,437.93707275390625,81.866061448622,64.28219458169875,False,False,False,False,False,True
2023-08-01,Tuesday,443.4156188964844,70.33425962683604,75.11564171085864,False,False,False,False,False,True
2023-08-15,Tuesday,430.2146301269531,32.59793685808404,38.638806404471474,True,True,True,False,False,False
2023-09-01,Friday,438.27703857421875,53.606563528448355,47.732957242851064,False,False,False,False,False,True
2023-09-15,Friday,432.20001220703125,57.145131152196605,61.21781936834732,False,False,False,False,False,True
2023-10-02,Monday,416.5446472167969,25.721308664765033,26.352319280950535,True,True,True,False,False,False
2023-10-16,Monday,425.0547180175781,64.94989446374592,48.559372441675656,False,False,False,False,False,True
2023-11-01,Wednesday,412.0118103027344,39.08304893902072,35.615856827775524,True,True,True,False,False,False
2023-11-15,Wednesday,438.35101318359375,88.25488224111204,69.22179255759728,False,False,False,False,False,True
2023-12-01,Friday,447.5337219238281,89.19027238645035,84.4922702291769,False,False,False,False,False,True
2023-12-15,Friday,459.36090087890625,80.31948526995451,74.78439672033849,False,False,False,False,False,True
2024-02-01,Thursday,478.8088684082031,66.20432916500872,75.21638485614368,False,False,False,False,False,True
2024-02-15,Thursday,491.3467712402344,64.83135212864684,67.96721518020418,False,False,False,False,False,True
2024-03-01,Friday,501.95648193359375,64.05311356137983,64.93754714648396,False,False,False,False,False,True
2024-03-15,Friday,500.5510559082031,57.55527914055009,64.81164076659324,False,False,False,False,False,True
2024-04-01,Monday,512.6566772460938,69.49752692375768,66.50459345960154,False,False,False,False,False,True
2024-04-15,Monday,495.2690124511719,33.142481497974856,47.19436899737939,True,False,False,True,False,False
2024-05-01,Wednesday,491.2436218261719,32.953452431129705,37.91675665594285,True,True,True,False,False,False
2024-05-15,Wednesday,520.1380004882812,78.75741636717859,71.87202577548517,False,False,False,False,False,True
2024-06-03,Monday,518.1940307617188,60.05253452793754,66.44163872911567,False,False,False,False,False,True
2024-06-17,Monday,537.1427001953125,76.18939105739135,66.56785587625167,False,False,False,False,False,True
2024-07-01,Monday,537.14208984375,74.08168393280602,80.07377072222296,False,False,False,False,False,True
2024-07-15,Monday,553.0886840820312,78.66955605855179,74.90785273082534,False,False,False,False,False,True
2024-08-01,Thursday,534.8471069335938,37.580472346157535,39.54307892660502,True,True,True,False,False,False
2024-08-15,Thursday,544.7559814453125,54.90400101974488,43.615342279825406,False,True,False,False,True,False
2024-09-16,Monday,554.3790893554688,51.85663650464776,44.87997178787491,False,True,False,False,True,False
2024-10-01,Tuesday,561.7900390625,72.29174319556975,78.90675654485639,False,False,False,False,False,True
2024-10-15,Tuesday,572.8160400390625,60.76963430894664,62.110932268496775,False,False,False,False,False,True
2024-11-01,Friday,564.180908203125,31.37965861509224,52.34991254672023,True,False,False,True,False,False
2024-11-15,Friday,578.7142333984375,54.083608342785176,62.96090509809592,False,False,False,False,False,True
2024-12-02,Monday,596.3795166015625,56.93535843359715,64.24800539612517,False,False,False,False,False,True
2024-12-16,Monday,599.5015258789062,64.73586107637496,73.18209297325556,False,False,False,False,False,True
2025-01-15,Wednesday,587.6309814453125,48.48296050836301,44.262234726748815,False,True,False,False,True,False
2025-02-03,Monday,592.57763671875,63.79256534177218,62.681870129423785,False,False,False,False,False,True
2025-03-03,Monday,578.69921875,32.450926522026165,40.39971431119846,True,True,True,False,False,False
2025-03-17,Monday,562.2236328125,36.73751870370794,26.661811773363034,True,True,True,False,False,False
2025-04-01,Tuesday,557.7700805664062,52.56090229820936,49.128642894404955,False,False,False,False,False,True
2025-04-15,Tuesday,534.5433349609375,41.491804395220534,35.530899239638174,True,True,True,False,False,False
2025-05-01,Thursday,555.2843627929688,69.73331293588816,59.23743835045604,False,False,False,False,False,True
2025-05-15,Thursday,587.0919189453125,84.81985371870749,82.87173778050371,False,False,False,False,False,True
2025-06-02,Monday,589.3291015625,59.755123867352395,67.16558122308142,False,False,False,False,False,True
2025-06-16,Monday,599.2421875,63.49798136445103,63.47426483213765,False,False,False,False,False,True
2025-07-01,Tuesday,615.9423828125,67.43395201779555,66.02683306608158,False,False,False,False,False,True
2025-07-15,Tuesday,620.419921875,71.6338345786884,79.09589151622426,False,False,False,False,False,True
2025-08-01,Friday,620.0010375976562,45.44646094402485,68.13818849628993,False,False,False,False,False,True
2025-08-15,Friday,641.6610717773438,56.50781045102812,57.89560784141303,False,False,False,False,False,True
2025-09-15,Monday,659.0827026367188,73.08464405242059,63.97422489641401,False,False,False,False,False,True
2025-10-01,Wednesday,668.4500122070312,68.5270285747008,71.37132351029098,False,False,False,False,False,True
2025-10-15,Wednesday,665.1699829101562,56.602393872916906,55.638842922714424,False,False,False,False,False,True
2025-11-03,Monday,683.3400268554688,70.18555675781674,63.901856104384,False,False,False,False,False,True
2025-11-17,Monday,665.6699829101562,32.1422893481717,49.47492179600204,True,False,False,True,False,False
